ISO-10303-21;
HEADER;
FILE_DESCRIPTION (( 'STEP AP214' ),
    '1' );
FILE_NAME ('NT2H1311F0DTL.STEP',
    '2025-06-16T11:02:47',
    ( '' ),
    ( '' ),
    'SwSTEP 2.0',
    'SolidWorks 2023',
    '' );
FILE_SCHEMA (( 'AUTOMOTIVE_DESIGN' ));
ENDSEC;

DATA;
#1 = EDGE_CURVE ( 'NONE', #1394, #768, #3166, .T. ) ;
#2 =( LENGTH_UNIT ( ) NAMED_UNIT ( * ) SI_UNIT ( .MILLI., .METRE. ) );
#3 = DIRECTION ( 'NONE',  ( 0.000000000000000000, 0.000000000000000000, 1.000000000000000000 ) ) ;
#4 = ORIENTED_EDGE ( 'NONE', *, *, #2605, .F. ) ;
#5 = PRESENTATION_STYLE_ASSIGNMENT (( #769 ) ) ;
#6 =( LENGTH_UNIT ( ) NAMED_UNIT ( * ) SI_UNIT ( .MILLI., .METRE. ) );
#7 = PRESENTATION_STYLE_ASSIGNMENT (( #2917 ) ) ;
#8 =( NAMED_UNIT ( * ) SI_UNIT ( $, .STERADIAN. ) SOLID_ANGLE_UNIT ( ) );
#9 = DIRECTION ( 'NONE',  ( 0.000000000000000000, 1.000000000000000000, 0.000000000000000000 ) ) ;
#10 = ORIENTED_EDGE ( 'NONE', *, *, #2843, .F. ) ;
#11 = SURFACE_STYLE_FILL_AREA ( #1335 ) ;
#12 = ORIENTED_EDGE ( 'NONE', *, *, #83, .F. ) ;
#13 = CARTESIAN_POINT ( 'NONE',  ( -0.1499999999999998557, 0.5000000000000000000, 0.01000000000000000021 ) ) ;
#14 = SURFACE_STYLE_FILL_AREA ( #1013 ) ;
#15 = UNCERTAINTY_MEASURE_WITH_UNIT (LENGTH_MEASURE( 1.000000000000000082E-05 ), #1226, 'distance_accuracy_value', 'NONE');
#16 = DIRECTION ( 'NONE',  ( -0.000000000000000000, -0.000000000000000000, 1.000000000000000000 ) ) ;
#17 = EDGE_CURVE ( 'NONE', #3286, #824, #700, .T. ) ;
#18 =( NAMED_UNIT ( * ) PLANE_ANGLE_UNIT ( ) SI_UNIT ( $, .RADIAN. ) );
#19 = ORIENTED_EDGE ( 'NONE', *, *, #935, .T. ) ;
#20 = LINE ( 'NONE', #1632, #2292 ) ;
#21 = PRESENTATION_STYLE_ASSIGNMENT (( #1818 ) ) ;
#22 = EDGE_CURVE ( 'NONE', #2278, #187, #1267, .T. ) ;
#23 = VECTOR ( 'NONE', #1363, 1000.000000000000000 ) ;
#24 = DIRECTION ( 'NONE',  ( -0.000000000000000000, 1.000000000000000000, -0.000000000000000000 ) ) ;
#25 = MECHANICAL_DESIGN_GEOMETRIC_PRESENTATION_REPRESENTATION (  '', ( #1862 ), #684 ) ;
#26 = FACE_OUTER_BOUND ( 'NONE', #2041, .T. ) ;
#27 = ORIENTED_EDGE ( 'NONE', *, *, #2782, .T. ) ;
#28 = STYLED_ITEM ( 'NONE', ( #1396 ), #1526 ) ;
#29 = FILL_AREA_STYLE_COLOUR ( '', #2562 ) ;
#30 = VECTOR ( 'NONE', #2766, 1000.000000000000000 ) ;
#31 = SURFACE_STYLE_USAGE ( .BOTH. , #2908 ) ;
#32 = VERTEX_POINT ( 'NONE', #2545 ) ;
#33 = CARTESIAN_POINT ( 'NONE',  ( 1.000000000000000000, -0.3749999999999997780, 0.07600000009233554010 ) ) ;
#34 = UNCERTAINTY_MEASURE_WITH_UNIT (LENGTH_MEASURE( 1.000000000000000082E-05 ), #1947, 'distance_accuracy_value', 'NONE');
#35 = VECTOR ( 'NONE', #2547, 1000.000000000000000 ) ;
#36 = AXIS2_PLACEMENT_3D ( 'NONE', #1518, #2827, #1501 ) ;
#37 = FILL_AREA_STYLE ('',( #330 ) ) ;
#38 =( NAMED_UNIT ( * ) PLANE_ANGLE_UNIT ( ) SI_UNIT ( $, .RADIAN. ) );
#39 = EDGE_LOOP ( 'NONE', ( #1251, #3041, #1519, #341 ) ) ;
#40 = AXIS2_PLACEMENT_3D ( 'NONE', #252, #3147, #2350 ) ;
#41 = EDGE_CURVE ( 'NONE', #1207, #713, #2334, .T. ) ;
#42 = COLOUR_RGB ( '',0.8039215686274510109, 0.8039215686274510109, 0.8039215686274510109 ) ;
#43 = FILL_AREA_STYLE ('',( #1418 ) ) ;
#44 = LINE ( 'NONE', #1099, #147 ) ;
#45 = VECTOR ( 'NONE', #482, 1000.000000000000000 ) ;
#46 = CARTESIAN_POINT ( 'NONE',  ( 0.000000000000000000, 0.5000000000000000000, -0.02500000000000000139 ) ) ;
#47 = DIRECTION ( 'NONE',  ( 0.000000000000000000, 1.000000000000000000, 0.000000000000000000 ) ) ;
#48 = VECTOR ( 'NONE', #2410, 1000.000000000000000 ) ;
#49 = ADVANCED_FACE ( 'NONE', ( #1024 ), #2091, .F. ) ;
#50 = CARTESIAN_POINT ( 'NONE',  ( 0.6500000000000000222, -0.3749999999999999445, -0.02500000000000000139 ) ) ;
#51 = UNCERTAINTY_MEASURE_WITH_UNIT (LENGTH_MEASURE( 1.000000000000000082E-05 ), #2266, 'distance_accuracy_value', 'NONE');
#52 = ORIENTED_EDGE ( 'NONE', *, *, #224, .T. ) ;
#53 = AXIS2_PLACEMENT_3D ( 'NONE', #1117, #2229, #2735 ) ;
#54 =( NAMED_UNIT ( * ) SI_UNIT ( $, .STERADIAN. ) SOLID_ANGLE_UNIT ( ) );
#55 = UNCERTAINTY_MEASURE_WITH_UNIT (LENGTH_MEASURE( 1.000000000000000082E-05 ), #781, 'distance_accuracy_value', 'NONE');
#56 = DIRECTION ( 'NONE',  ( 1.000000000000000000, 0.000000000000000000, -0.000000000000000000 ) ) ;
#57 = VERTEX_POINT ( 'NONE', #274 ) ;
#58 = PLANE ( 'NONE',  #1015 ) ;
#59 = LINE ( 'NONE', #1628, #647 ) ;
#60 = CARTESIAN_POINT ( 'NONE',  ( 1.000000000000000000, 0.1250000000000002220, -0.02500000000000000139 ) ) ;
#61 = VERTEX_POINT ( 'NONE', #3167 ) ;
#62 =( NAMED_UNIT ( * ) SI_UNIT ( $, .STERADIAN. ) SOLID_ANGLE_UNIT ( ) );
#63 =( NAMED_UNIT ( * ) SI_UNIT ( $, .STERADIAN. ) SOLID_ANGLE_UNIT ( ) );
#64 =( NAMED_UNIT ( * ) SI_UNIT ( $, .STERADIAN. ) SOLID_ANGLE_UNIT ( ) );
#65 =( NAMED_UNIT ( * ) SI_UNIT ( $, .STERADIAN. ) SOLID_ANGLE_UNIT ( ) );
#66 = EDGE_LOOP ( 'NONE', ( #2451, #138, #4, #3184 ) ) ;
#67 = EDGE_CURVE ( 'NONE', #1619, #506, #1838, .T. ) ;
#68 = PRESENTATION_STYLE_ASSIGNMENT (( #1605 ) ) ;
#69 = FILL_AREA_STYLE_COLOUR ( '', #2613 ) ;
#70 = VERTEX_POINT ( 'NONE', #1910 ) ;
#71 =( NAMED_UNIT ( * ) SI_UNIT ( $, .STERADIAN. ) SOLID_ANGLE_UNIT ( ) );
#72 = DIRECTION ( 'NONE',  ( -1.000000000000000000, 0.000000000000000000, -0.000000000000000000 ) ) ;
#73 =( NAMED_UNIT ( * ) PLANE_ANGLE_UNIT ( ) SI_UNIT ( $, .RADIAN. ) );
#74 =( NAMED_UNIT ( * ) SI_UNIT ( $, .STERADIAN. ) SOLID_ANGLE_UNIT ( ) );
#75 = ORIENTED_EDGE ( 'NONE', *, *, #1223, .T. ) ;
#76 = DIRECTION ( 'NONE',  ( 0.000000000000000000, 0.000000000000000000, 1.000000000000000000 ) ) ;
#77 = SURFACE_STYLE_USAGE ( .BOTH. , #369 ) ;
#78 = SURFACE_STYLE_FILL_AREA ( #1948 ) ;
#79 = FILL_AREA_STYLE_COLOUR ( '', #1645 ) ;
#80 = PRESENTATION_STYLE_ASSIGNMENT (( #2477 ) ) ;
#81 = DIRECTION ( 'NONE',  ( -1.000000000000000000, 0.000000000000000000, 0.000000000000000000 ) ) ;
#82 = ORIENTED_EDGE ( 'NONE', *, *, #1983, .F. ) ;
#83 = EDGE_CURVE ( 'NONE', #2472, #1246, #503, .T. ) ;
#84 = APPLICATION_PROTOCOL_DEFINITION ( 'draft international standard', 'automotive_design', 1998, #2490 ) ;
#85 = AXIS2_PLACEMENT_3D ( 'NONE', #2592, #2897, #207 ) ;
#86 = STYLED_ITEM ( 'NONE', ( #1939 ), #386 ) ;
#87 = ORIENTED_EDGE ( 'NONE', *, *, #3061, .F. ) ;
#88 = SURFACE_SIDE_STYLE ('',( #2420 ) ) ;
#89 = UNCERTAINTY_MEASURE_WITH_UNIT (LENGTH_MEASURE( 1.000000000000000082E-05 ), #628, 'distance_accuracy_value', 'NONE');
#90 = VECTOR ( 'NONE', #1322, 1000.000000000000000 ) ;
#91 = STYLED_ITEM ( 'NONE', ( #1166 ), #714 ) ;
#92 = EDGE_CURVE ( 'NONE', #2248, #1328, #2663, .T. ) ;
#93 = LINE ( 'NONE', #2658, #2258 ) ;
#94 = VECTOR ( 'NONE', #1486, 1000.000000000000000 ) ;
#95 = ORIENTED_EDGE ( 'NONE', *, *, #733, .T. ) ;
#96 = MECHANICAL_DESIGN_GEOMETRIC_PRESENTATION_REPRESENTATION (  '', ( #2837 ), #2681 ) ;
#97 = CARTESIAN_POINT ( 'NONE',  ( 0.6500000000000000222, -0.3749999999999999445, 0.07599999997864870238 ) ) ;
#98 = LINE ( 'NONE', #609, #2671 ) ;
#99 =( GEOMETRIC_REPRESENTATION_CONTEXT ( 3 ) GLOBAL_UNCERTAINTY_ASSIGNED_CONTEXT ( ( #563 ) ) GLOBAL_UNIT_ASSIGNED_CONTEXT ( ( #2977, #1352, #308 ) ) REPRESENTATION_CONTEXT ( 'NONE', 'WORKASPACE' ) );
#100 = SURFACE_STYLE_FILL_AREA ( #649 ) ;
#101 = VERTEX_POINT ( 'NONE', #3188 ) ;
#102 = COLOUR_RGB ( '',0.2862745098039215508, 0.2862745098039215508, 0.2862745098039215508 ) ;
#103 = VECTOR ( 'NONE', #317, 1000.000000000000000 ) ;
#104 = ORIENTED_EDGE ( 'NONE', *, *, #2001, .F. ) ;
#105 = DIRECTION ( 'NONE',  ( 1.000000000000000000, 0.000000000000000000, 0.000000000000000000 ) ) ;
#106 =( NAMED_UNIT ( * ) SI_UNIT ( $, .STERADIAN. ) SOLID_ANGLE_UNIT ( ) );
#107 = SURFACE_STYLE_USAGE ( .BOTH. , #134 ) ;
#108 =( LENGTH_UNIT ( ) NAMED_UNIT ( * ) SI_UNIT ( .MILLI., .METRE. ) );
#109 = EDGE_CURVE ( 'NONE', #2151, #614, #2387, .T. ) ;
#110 = ORIENTED_EDGE ( 'NONE', *, *, #2483, .F. ) ;
#111 =( LENGTH_UNIT ( ) NAMED_UNIT ( * ) SI_UNIT ( .MILLI., .METRE. ) );
#112 = CARTESIAN_POINT ( 'NONE',  ( -0.6500000000000000222, -0.1249999999999998335, 0.000000000000000000 ) ) ;
#113 = DIRECTION ( 'NONE',  ( 0.7071067811865474617, 0.7071067811865474617, -0.000000000000000000 ) ) ;
#114 = DIRECTION ( 'NONE',  ( -3.097720492815726673E-16, -1.000000000000000000, 0.000000000000000000 ) ) ;
#115 = LINE ( 'NONE', #1103, #2678 ) ;
#116 = EDGE_LOOP ( 'NONE', ( #780, #885, #2543, #2925 ) ) ;
#117 = FILL_AREA_STYLE_COLOUR ( '', #2079 ) ;
#118 = DIRECTION ( 'NONE',  ( 0.000000000000000000, -1.000000000000000000, 0.000000000000000000 ) ) ;
#119 = VERTEX_POINT ( 'NONE', #1582 ) ;
#120 =( NAMED_UNIT ( * ) SI_UNIT ( $, .STERADIAN. ) SOLID_ANGLE_UNIT ( ) );
#121 = LINE ( 'NONE', #1490, #3288 ) ;
#122 =( NAMED_UNIT ( * ) SI_UNIT ( $, .STERADIAN. ) SOLID_ANGLE_UNIT ( ) );
#123 = ORIENTED_EDGE ( 'NONE', *, *, #2507, .T. ) ;
#124 = ADVANCED_FACE ( 'NONE', ( #1044 ), #2425, .T. ) ;
#125 = LINE ( 'NONE', #3079, #248 ) ;
#126 = DIRECTION ( 'NONE',  ( 1.000000000000000000, 0.000000000000000000, 0.000000000000000000 ) ) ;
#127 = ADVANCED_FACE ( 'NONE', ( #2140, #2108 ), #1890, .F. ) ;
#128 = ORIENTED_EDGE ( 'NONE', *, *, #3083, .T. ) ;
#129 = DIRECTION ( 'NONE',  ( -1.000000000000000000, -1.548860246407863336E-16, 0.000000000000000000 ) ) ;
#130 = ORIENTED_EDGE ( 'NONE', *, *, #2782, .F. ) ;
#131 = CARTESIAN_POINT ( 'NONE',  ( 0.6500000000000000222, 0.1250000000000000555, 0.000000000000000000 ) ) ;
#132 = PRESENTATION_LAYER_ASSIGNMENT (  '', '', ( #3113 ) ) ;
#133 = FACE_OUTER_BOUND ( 'NONE', #3226, .T. ) ;
#134 = SURFACE_SIDE_STYLE ('',( #1780 ) ) ;
#135 = PLANE ( 'NONE',  #2892 ) ;
#136 = COLOUR_RGB ( '',0.2862745098039215508, 0.2862745098039215508, 0.2862745098039215508 ) ;
#137 = MECHANICAL_DESIGN_GEOMETRIC_PRESENTATION_REPRESENTATION (  '', ( #1074 ), #3063 ) ;
#138 = ORIENTED_EDGE ( 'NONE', *, *, #2004, .T. ) ;
#139 = CARTESIAN_POINT ( 'NONE',  ( -1.000000000000000000, -0.1249999999999998890, 0.000000000000000000 ) ) ;
#140 =( GEOMETRIC_REPRESENTATION_CONTEXT ( 3 ) GLOBAL_UNCERTAINTY_ASSIGNED_CONTEXT ( ( #3262 ) ) GLOBAL_UNIT_ASSIGNED_CONTEXT ( ( #1465, #651, #2987 ) ) REPRESENTATION_CONTEXT ( 'NONE', 'WORKASPACE' ) );
#141 = SURFACE_STYLE_FILL_AREA ( #3299 ) ;
#142 = CARTESIAN_POINT ( 'NONE',  ( 0.9700000000000000844, 0.7199999999999998623, 0.4449999999999999512 ) ) ;
#143 = EDGE_CURVE ( 'NONE', #338, #1450, #877, .T. ) ;
#144 = AXIS2_PLACEMENT_3D ( 'NONE', #1245, #3084, #716 ) ;
#145 = MECHANICAL_DESIGN_GEOMETRIC_PRESENTATION_REPRESENTATION (  '', ( #2838 ), #3182 ) ;
#146 = FILL_AREA_STYLE_COLOUR ( '', #2208 ) ;
#147 = VECTOR ( 'NONE', #1403, 1000.000000000000000 ) ;
#148 = ORIENTED_EDGE ( 'NONE', *, *, #2998, .T. ) ;
#149 = DIRECTION ( 'NONE',  ( 0.000000000000000000, 1.000000000000000000, 0.000000000000000000 ) ) ;
#150 = ADVANCED_FACE ( 'NONE', ( #2961 ), #2241, .F. ) ;
#151 = COLOUR_RGB ( '',0.8039215686274510109, 0.8039215686274510109, 0.8039215686274510109 ) ;
#152 = DIRECTION ( 'NONE',  ( 1.000000000000000000, 1.548860246407863336E-16, 0.000000000000000000 ) ) ;
#153 = VERTEX_POINT ( 'NONE', #3282 ) ;
#154 = LINE ( 'NONE', #1225, #481 ) ;
#155 = MECHANICAL_DESIGN_GEOMETRIC_PRESENTATION_REPRESENTATION (  '', ( #158 ), #2692 ) ;
#156 = SURFACE_STYLE_FILL_AREA ( #2798 ) ;
#157 = PLANE ( 'NONE',  #586 ) ;
#158 = STYLED_ITEM ( 'NONE', ( #2332 ), #2968 ) ;
#159 =( LENGTH_UNIT ( ) NAMED_UNIT ( * ) SI_UNIT ( .MILLI., .METRE. ) );
#160 = PRESENTATION_STYLE_ASSIGNMENT (( #1262 ) ) ;
#161 =( NAMED_UNIT ( * ) PLANE_ANGLE_UNIT ( ) SI_UNIT ( $, .RADIAN. ) );
#162 = CARTESIAN_POINT ( 'NONE',  ( -1.000000000000000000, -0.1249999999999998890, -0.02500000000000000139 ) ) ;
#163 = LINE ( 'NONE', #2309, #1084 ) ;
#164 = ORIENTED_EDGE ( 'NONE', *, *, #2677, .F. ) ;
#165 = DIRECTION ( 'NONE',  ( -0.000000000000000000, -1.000000000000000000, -0.000000000000000000 ) ) ;
#166 = CARTESIAN_POINT ( 'NONE',  ( -0.6500000000000000222, 0.1250000000000000555, 0.000000000000000000 ) ) ;
#167 = EDGE_CURVE ( 'NONE', #658, #1835, #856, .T. ) ;
#168 = VERTEX_POINT ( 'NONE', #1459 ) ;
#169 = DIRECTION ( 'NONE',  ( 0.000000000000000000, -0.000000000000000000, 1.000000000000000000 ) ) ;
#170 = SURFACE_STYLE_FILL_AREA ( #437 ) ;
#171 = CARTESIAN_POINT ( 'NONE',  ( 1.000000000000000000, 0.1250000000000002220, -0.02500000000000000139 ) ) ;
#172 = SURFACE_SIDE_STYLE ('',( #141 ) ) ;
#173 = PRESENTATION_STYLE_ASSIGNMENT (( #1242 ) ) ;
#174 = ORIENTED_EDGE ( 'NONE', *, *, #1692, .T. ) ;
#175 = FILL_AREA_STYLE_COLOUR ( '', #1190 ) ;
#176 = SURFACE_STYLE_FILL_AREA ( #2067 ) ;
#177 = SURFACE_SIDE_STYLE ('',( #1556 ) ) ;
#178 = LINE ( 'NONE', #1250, #2952 ) ;
#179 = ORIENTED_EDGE ( 'NONE', *, *, #990, .F. ) ;
#180 = EDGE_CURVE ( 'NONE', #2609, #1935, #98, .T. ) ;
#181 = CARTESIAN_POINT ( 'NONE',  ( -1.000000000000000000, -0.1249999999999998890, -0.02500000000000000139 ) ) ;
#182 = ADVANCED_FACE ( 'NONE', ( #2734 ), #2551, .F. ) ;
#183 = VECTOR ( 'NONE', #794, 1000.000000000000000 ) ;
#184 = STYLED_ITEM ( 'NONE', ( #334 ), #182 ) ;
#185 = CARTESIAN_POINT ( 'NONE',  ( 0.6500000000000000222, -0.1250000000000000000, -0.02500000000000000139 ) ) ;
#186 = MECHANICAL_DESIGN_GEOMETRIC_PRESENTATION_REPRESENTATION (  '', ( #86 ), #2028 ) ;
#187 = VERTEX_POINT ( 'NONE', #3366 ) ;
#188 = VECTOR ( 'NONE', #2775, 1000.000000000000000 ) ;
#189 = VECTOR ( 'NONE', #149, 1000.000000000000000 ) ;
#190 = SURFACE_SIDE_STYLE ('',( #402 ) ) ;
#191 = SURFACE_STYLE_USAGE ( .BOTH. , #3039 ) ;
#192 = ORIENTED_EDGE ( 'NONE', *, *, #3061, .T. ) ;
#193 = DIRECTION ( 'NONE',  ( -4.646580739223590009E-16, 1.000000000000000000, 0.000000000000000000 ) ) ;
#194 = ORIENTED_EDGE ( 'NONE', *, *, #1353, .T. ) ;
#195 = DIRECTION ( 'NONE',  ( -1.000000000000000000, 0.000000000000000000, 0.000000000000000000 ) ) ;
#196 = STYLED_ITEM ( 'NONE', ( #1241 ), #2121 ) ;
#197 = SURFACE_STYLE_FILL_AREA ( #738 ) ;
#198 = FILL_AREA_STYLE_COLOUR ( '', #1357 ) ;
#199 = VECTOR ( 'NONE', #552, 1000.000000000000000 ) ;
#200 = AXIS2_PLACEMENT_3D ( 'NONE', #2947, #2379, #266 ) ;
#201 = DIRECTION ( 'NONE',  ( -1.000000000000000000, 0.000000000000000000, 0.000000000000000000 ) ) ;
#202 = EDGE_CURVE ( 'NONE', #2741, #1614, #1287, .T. ) ;
#203 =( GEOMETRIC_REPRESENTATION_CONTEXT ( 3 ) GLOBAL_UNCERTAINTY_ASSIGNED_CONTEXT ( ( #259 ) ) GLOBAL_UNIT_ASSIGNED_CONTEXT ( ( #390, #1677, #1421 ) ) REPRESENTATION_CONTEXT ( 'NONE', 'WORKASPACE' ) );
#204 = DIRECTION ( 'NONE',  ( -0.000000000000000000, 1.000000000000000000, -0.000000000000000000 ) ) ;
#205 = FILL_AREA_STYLE ('',( #1516 ) ) ;
#206 = ORIENTED_EDGE ( 'NONE', *, *, #1338, .F. ) ;
#207 = DIRECTION ( 'NONE',  ( 1.000000000000000000, 0.000000000000000000, 0.000000000000000000 ) ) ;
#208 = PRODUCT ( 'NT2H1311F0DTL', 'NT2H1311F0DTL', '', ( #1879 ) ) ;
#209 = SURFACE_SIDE_STYLE ('',( #1043 ) ) ;
#210 = EDGE_LOOP ( 'NONE', ( #680, #1471, #1336, #1802 ) ) ;
#211 = LINE ( 'NONE', #3086, #1383 ) ;
#212 =( LENGTH_UNIT ( ) NAMED_UNIT ( * ) SI_UNIT ( .MILLI., .METRE. ) );
#213 = CARTESIAN_POINT ( 'NONE',  ( 0.6500000000000000222, -0.1250000000000000000, 0.07599999997864870238 ) ) ;
#214 = ORIENTED_EDGE ( 'NONE', *, *, #796, .T. ) ;
#215 = LINE ( 'NONE', #724, #2797 ) ;
#216 = SURFACE_SIDE_STYLE ('',( #1611 ) ) ;
#217 = SURFACE_STYLE_USAGE ( .BOTH. , #2845 ) ;
#218 = EDGE_LOOP ( 'NONE', ( #1665, #3394, #3068, #444 ) ) ;
#219 = EDGE_CURVE ( 'NONE', #153, #2956, #3389, .T. ) ;
#220 = SURFACE_SIDE_STYLE ('',( #1836 ) ) ;
#221 =( NAMED_UNIT ( * ) PLANE_ANGLE_UNIT ( ) SI_UNIT ( $, .RADIAN. ) );
#222 = CARTESIAN_POINT ( 'NONE',  ( 0.4000000000000001887, 0.5000000000000000000, -0.02500000000000000139 ) ) ;
#223 = DIRECTION ( 'NONE',  ( 0.000000000000000000, -1.000000000000000000, 0.000000000000000000 ) ) ;
#224 = EDGE_CURVE ( 'NONE', #1741, #3066, #2115, .T. ) ;
#225 = ORIENTED_EDGE ( 'NONE', *, *, #994, .T. ) ;
#226 = LINE ( 'NONE', #2342, #413 ) ;
#227 = DIRECTION ( 'NONE',  ( -0.000000000000000000, -0.000000000000000000, -1.000000000000000000 ) ) ;
#228 = LINE ( 'NONE', #2346, #234 ) ;
#229 = CARTESIAN_POINT ( 'NONE',  ( 0.4000000000000001887, -0.5000000000000000000, 0.01000000000000000021 ) ) ;
#230 = SURFACE_STYLE_FILL_AREA ( #2857 ) ;
#231 = UNCERTAINTY_MEASURE_WITH_UNIT (LENGTH_MEASURE( 1.000000000000000082E-05 ), #3258, 'distance_accuracy_value', 'NONE');
#232 = FILL_AREA_STYLE_COLOUR ( '', #1670 ) ;
#233 = COLOUR_RGB ( '',0.8039215686274510109, 0.8039215686274510109, 0.8039215686274510109 ) ;
#234 = VECTOR ( 'NONE', #1035, 1000.000000000000000 ) ;
#235 = ORIENTED_EDGE ( 'NONE', *, *, #1, .F. ) ;
#236 =( GEOMETRIC_REPRESENTATION_CONTEXT ( 3 ) GLOBAL_UNCERTAINTY_ASSIGNED_CONTEXT ( ( #1371 ) ) GLOBAL_UNIT_ASSIGNED_CONTEXT ( ( #111, #1458, #2227 ) ) REPRESENTATION_CONTEXT ( 'NONE', 'WORKASPACE' ) );
#237 = FILL_AREA_STYLE_COLOUR ( '', #2891 ) ;
#238 = CARTESIAN_POINT ( 'NONE',  ( -0.6500000000000000222, 0.1250000000000000555, 0.07599999997864870238 ) ) ;
#239 = CARTESIAN_POINT ( 'NONE',  ( -0.6500000000000000222, -0.3749999999999999445, 0.000000000000000000 ) ) ;
#240 =( GEOMETRIC_REPRESENTATION_CONTEXT ( 3 ) GLOBAL_UNCERTAINTY_ASSIGNED_CONTEXT ( ( #3368 ) ) GLOBAL_UNIT_ASSIGNED_CONTEXT ( ( #2253, #2973, #3290 ) ) REPRESENTATION_CONTEXT ( 'NONE', 'WORKASPACE' ) );
#241 = VECTOR ( 'NONE', #883, 1000.000000000000000 ) ;
#242 = ORIENTED_EDGE ( 'NONE', *, *, #2923, .F. ) ;
#243 = ADVANCED_FACE ( 'NONE', ( #1844 ), #2598, .F. ) ;
#244 = DIRECTION ( 'NONE',  ( -0.000000000000000000, -0.000000000000000000, 1.000000000000000000 ) ) ;
#245 = AXIS2_PLACEMENT_3D ( 'NONE', #1785, #3350, #2120 ) ;
#246 = COLOUR_RGB ( '',0.8039215686274510109, 0.8039215686274510109, 0.8039215686274510109 ) ;
#247 = DIRECTION ( 'NONE',  ( 1.000000000000000000, 0.000000000000000000, -0.000000000000000000 ) ) ;
#248 = VECTOR ( 'NONE', #2038, 1000.000000000000000 ) ;
#249 = DIRECTION ( 'NONE',  ( 1.000000000000000000, 0.000000000000000000, 0.000000000000000000 ) ) ;
#250 = STYLED_ITEM ( 'NONE', ( #1903 ), #3149 ) ;
#251 = VECTOR ( 'NONE', #284, 1000.000000000000000 ) ;
#252 = CARTESIAN_POINT ( 'NONE',  ( -1.000000000000000000, -0.3749999999999998335, -0.02500000000000000139 ) ) ;
#253 = MECHANICAL_DESIGN_GEOMETRIC_PRESENTATION_REPRESENTATION (  '', ( #652 ), #1097 ) ;
#254 = DIRECTION ( 'NONE',  ( 0.000000000000000000, 0.000000000000000000, 1.000000000000000000 ) ) ;
#255 = ORIENTED_EDGE ( 'NONE', *, *, #92, .F. ) ;
#256 = MECHANICAL_DESIGN_GEOMETRIC_PRESENTATION_REPRESENTATION (  '', ( #1163 ), #2801 ) ;
#257 = PRESENTATION_STYLE_ASSIGNMENT (( #2629 ) ) ;
#258 = PLANE ( 'NONE',  #3080 ) ;
#259 = UNCERTAINTY_MEASURE_WITH_UNIT (LENGTH_MEASURE( 1.000000000000000082E-05 ), #390, 'distance_accuracy_value', 'NONE');
#260 = FILL_AREA_STYLE_COLOUR ( '', #2401 ) ;
#261 = ORIENTED_EDGE ( 'NONE', *, *, #1648, .F. ) ;
#262 = CYLINDRICAL_SURFACE ( 'NONE', #861, 0.02999999999999997113 ) ;
#263 = EDGE_CURVE ( 'NONE', #980, #1401, #3223, .T. ) ;
#264 = FILL_AREA_STYLE_COLOUR ( '', #1984 ) ;
#265 = ORIENTED_EDGE ( 'NONE', *, *, #634, .T. ) ;
#266 = DIRECTION ( 'NONE',  ( -1.000000000000000000, 0.000000000000000000, -0.000000000000000000 ) ) ;
#267 = DIRECTION ( 'NONE',  ( 0.7071067811865474617, 0.7071067811865474617, 0.000000000000000000 ) ) ;
#268 = DIRECTION ( 'NONE',  ( 0.000000000000000000, 0.000000000000000000, 1.000000000000000000 ) ) ;
#269 = EDGE_CURVE ( 'NONE', #3259, #1741, #2367, .T. ) ;
#270 = SURFACE_STYLE_FILL_AREA ( #1277 ) ;
#271 = ORIENTED_EDGE ( 'NONE', *, *, #2043, .T. ) ;
#272 = UNCERTAINTY_MEASURE_WITH_UNIT (LENGTH_MEASURE( 1.000000000000000082E-05 ), #2898, 'distance_accuracy_value', 'NONE');
#273 = PLANE ( 'NONE',  #2619 ) ;
#274 = CARTESIAN_POINT ( 'NONE',  ( -0.6500000000000000222, 0.1250000000000000555, -0.02500000000000000139 ) ) ;
#275 = SURFACE_STYLE_FILL_AREA ( #1598 ) ;
#276 = ORIENTED_EDGE ( 'NONE', *, *, #2677, .T. ) ;
#277 = CARTESIAN_POINT ( 'NONE',  ( -0.3999999999999998557, -0.5000000000000000000, -0.02500000000000000139 ) ) ;
#278 = DIRECTION ( 'NONE',  ( 0.000000000000000000, 0.000000000000000000, 1.000000000000000000 ) ) ;
#279 = ORIENTED_EDGE ( 'NONE', *, *, #3310, .F. ) ;
#280 =( NAMED_UNIT ( * ) PLANE_ANGLE_UNIT ( ) SI_UNIT ( $, .RADIAN. ) );
#281 = FACE_OUTER_BOUND ( 'NONE', #1549, .T. ) ;
#282 = UNCERTAINTY_MEASURE_WITH_UNIT (LENGTH_MEASURE( 1.000000000000000082E-05 ), #3344, 'distance_accuracy_value', 'NONE');
#283 = EDGE_CURVE ( 'NONE', #477, #1693, #228, .T. ) ;
#284 = DIRECTION ( 'NONE',  ( -0.000000000000000000, -0.000000000000000000, 1.000000000000000000 ) ) ;
#285 = EDGE_CURVE ( 'NONE', #3307, #936, #683, .T. ) ;
#286 = PRESENTATION_STYLE_ASSIGNMENT (( #1327 ) ) ;
#287 = ORIENTED_EDGE ( 'NONE', *, *, #2069, .F. ) ;
#288 = PLANE ( 'NONE',  #1139 ) ;
#289 = DIRECTION ( 'NONE',  ( -1.000000000000000000, 3.097720492815726673E-16, -0.000000000000000000 ) ) ;
#290 = STYLED_ITEM ( 'NONE', ( #1754 ), #49 ) ;
#291 = CARTESIAN_POINT ( 'NONE',  ( -0.6500000000000000222, 0.1250000000000000555, 0.07600000009233554010 ) ) ;
#292 = STYLED_ITEM ( 'NONE', ( #1616 ), #1032 ) ;
#293 = MECHANICAL_DESIGN_GEOMETRIC_PRESENTATION_REPRESENTATION (  '', ( #3113 ), #1538 ) ;
#294 = CARTESIAN_POINT ( 'NONE',  ( -0.3999999999999998557, -0.5000000000000000000, 0.01000000000000000021 ) ) ;
#295 = DIRECTION ( 'NONE',  ( 0.000000000000000000, -1.000000000000000000, 0.000000000000000000 ) ) ;
#296 = ORIENTED_EDGE ( 'NONE', *, *, #3212, .T. ) ;
#297 = AXIS2_PLACEMENT_3D ( 'NONE', #1761, #1489, #668 ) ;
#298 = VECTOR ( 'NONE', #1740, 1000.000000000000000 ) ;
#299 = CARTESIAN_POINT ( 'NONE',  ( -0.9150000000000001465, 0.6099999999999998757, 0.4749999999999999778 ) ) ;
#300 = VERTEX_POINT ( 'NONE', #2889 ) ;
#301 = CARTESIAN_POINT ( 'NONE',  ( 0.000000000000000000, -0.7200000000000003064, 0.4749999999999999778 ) ) ;
#302 =( NAMED_UNIT ( * ) PLANE_ANGLE_UNIT ( ) SI_UNIT ( $, .RADIAN. ) );
#303 = UNCERTAINTY_MEASURE_WITH_UNIT (LENGTH_MEASURE( 1.000000000000000082E-05 ), #924, 'distance_accuracy_value', 'NONE');
#304 = DIRECTION ( 'NONE',  ( -1.548860246407863336E-16, 1.000000000000000000, 0.000000000000000000 ) ) ;
#305 = COLOUR_RGB ( '',0.8039215686274510109, 0.8039215686274510109, 0.8039215686274510109 ) ;
#306 = COLOUR_RGB ( '',0.2862745098039215508, 0.2862745098039215508, 0.2862745098039215508 ) ;
#307 = STYLED_ITEM ( 'NONE', ( #1095 ), #2187 ) ;
#308 =( NAMED_UNIT ( * ) SI_UNIT ( $, .STERADIAN. ) SOLID_ANGLE_UNIT ( ) );
#309 = MECHANICAL_DESIGN_GEOMETRIC_PRESENTATION_REPRESENTATION (  '', ( #1028 ), #2687 ) ;
#310 = PLANE ( 'NONE',  #3112 ) ;
#311 = EDGE_LOOP ( 'NONE', ( #3279, #2637, #1706, #3360, #3005 ) ) ;
#312 = VECTOR ( 'NONE', #1528, 1000.000000000000000 ) ;
#313 = EDGE_CURVE ( 'NONE', #2248, #2200, #529, .T. ) ;
#314 = CARTESIAN_POINT ( 'NONE',  ( 0.4000000000000001887, 0.5000000000000000000, -0.02500000000000000139 ) ) ;
#315 = CARTESIAN_POINT ( 'NONE',  ( 0.9700000000000000844, 0.7199999999999998623, 0.4749999999999999778 ) ) ;
#316 = CARTESIAN_POINT ( 'NONE',  ( 1.000000000000000000, 0.1250000000000002220, 0.07600000000000001199 ) ) ;
#317 = DIRECTION ( 'NONE',  ( 1.000000000000000000, 1.548860246407863336E-16, 0.000000000000000000 ) ) ;
#318 = STYLED_ITEM ( 'NONE', ( #973 ), #3292 ) ;
#319 = FILL_AREA_STYLE_COLOUR ( '', #42 ) ;
#320 = PRESENTATION_STYLE_ASSIGNMENT (( #1725 ) ) ;
#321 = ORIENTED_EDGE ( 'NONE', *, *, #1644, .F. ) ;
#322 = COLOUR_RGB ( '',0.2862745098039215508, 0.2862745098039215508, 0.2862745098039215508 ) ;
#323 = DIRECTION ( 'NONE',  ( 1.000000000000000000, 0.000000000000000000, 0.000000000000000000 ) ) ;
#324 =( NAMED_UNIT ( * ) SI_UNIT ( $, .STERADIAN. ) SOLID_ANGLE_UNIT ( ) );
#325 = FILL_AREA_STYLE ('',( #69 ) ) ;
#326 = VERTEX_POINT ( 'NONE', #2300 ) ;
#327 = DIRECTION ( 'NONE',  ( 0.000000000000000000, 0.000000000000000000, -1.000000000000000000 ) ) ;
#328 = PLANE ( 'NONE',  #1937 ) ;
#329 = UNCERTAINTY_MEASURE_WITH_UNIT (LENGTH_MEASURE( 1.000000000000000082E-05 ), #1624, 'distance_accuracy_value', 'NONE');
#330 = FILL_AREA_STYLE_COLOUR ( '', #592 ) ;
#331 = ORIENTED_EDGE ( 'NONE', *, *, #2231, .F. ) ;
#332 = CARTESIAN_POINT ( 'NONE',  ( 1.000000000000000000, -0.7500000000000002220, 0.4449999999999999512 ) ) ;
#333 = CARTESIAN_POINT ( 'NONE',  ( 0.6500000000000000222, 0.1250000000000000555, 0.07599999997864870238 ) ) ;
#334 = PRESENTATION_STYLE_ASSIGNMENT (( #346 ) ) ;
#335 = ADVANCED_FACE ( 'NONE', ( #725 ), #985, .T. ) ;
#336 = SURFACE_STYLE_FILL_AREA ( #622 ) ;
#337 = SPHERICAL_SURFACE ( 'NONE', #1986, 0.02999999999999999889 ) ;
#338 = VERTEX_POINT ( 'NONE', #33 ) ;
#339 = ADVANCED_FACE ( 'NONE', ( #2171 ), #58, .F. ) ;
#340 = SURFACE_STYLE_USAGE ( .BOTH. , #3004 ) ;
#341 = ORIENTED_EDGE ( 'NONE', *, *, #499, .T. ) ;
#342 =( LENGTH_UNIT ( ) NAMED_UNIT ( * ) SI_UNIT ( .MILLI., .METRE. ) );
#343 = SPHERICAL_SURFACE ( 'NONE', #2090, 0.02999999999999999889 ) ;
#344 = ORIENTED_EDGE ( 'NONE', *, *, #2534, .T. ) ;
#345 = DIRECTION ( 'NONE',  ( 0.7071067811865474617, 0.7071067811865474617, -0.000000000000000000 ) ) ;
#346 = SURFACE_STYLE_USAGE ( .BOTH. , #644 ) ;
#347 =( LENGTH_UNIT ( ) NAMED_UNIT ( * ) SI_UNIT ( .MILLI., .METRE. ) );
#348 = PRESENTATION_LAYER_ASSIGNMENT (  '', '', ( #566 ) ) ;
#349 = UNCERTAINTY_MEASURE_WITH_UNIT (LENGTH_MEASURE( 1.000000000000000082E-05 ), #2218, 'distance_accuracy_value', 'NONE');
#350 = ORIENTED_EDGE ( 'NONE', *, *, #595, .T. ) ;
#351 = CARTESIAN_POINT ( 'NONE',  ( 0.6500000000000000222, 0.1250000000000000555, -0.02500000000000000139 ) ) ;
#352 =( GEOMETRIC_REPRESENTATION_CONTEXT ( 3 ) GLOBAL_UNCERTAINTY_ASSIGNED_CONTEXT ( ( #1083 ) ) GLOBAL_UNIT_ASSIGNED_CONTEXT ( ( #1498, #3313, #3065 ) ) REPRESENTATION_CONTEXT ( 'NONE', 'WORKASPACE' ) );
#353 = VECTOR ( 'NONE', #483, 1000.000000000000000 ) ;
#354 = CARTESIAN_POINT ( 'NONE',  ( 0.4000000000000001887, -0.5000000000000000000, 0.01000000000000000021 ) ) ;
#355 = EDGE_CURVE ( 'NONE', #2326, #1125, #2612, .T. ) ;
#356 = CIRCLE ( 'NONE', #515, 0.05500000000000003497 ) ;
#357 = STYLED_ITEM ( 'NONE', ( #900 ), #397 ) ;
#358 = VERTEX_POINT ( 'NONE', #3177 ) ;
#359 = DIRECTION ( 'NONE',  ( 0.000000000000000000, 0.000000000000000000, -1.000000000000000000 ) ) ;
#360 = DIRECTION ( 'NONE',  ( 3.872150616019658834E-16, 1.000000000000000000, -0.000000000000000000 ) ) ;
#361 = STYLED_ITEM ( 'NONE', ( #1639 ), #1428 ) ;
#362 = COLOUR_RGB ( '',0.8039215686274510109, 0.8039215686274510109, 0.8039215686274510109 ) ;
#363 = SURFACE_SIDE_STYLE ('',( #1436 ) ) ;
#364 = MECHANICAL_DESIGN_GEOMETRIC_PRESENTATION_REPRESENTATION (  '', ( #745 ), #3233 ) ;
#365 = SURFACE_STYLE_USAGE ( .BOTH. , #2992 ) ;
#366 = ORIENTED_EDGE ( 'NONE', *, *, #269, .T. ) ;
#367 = STYLED_ITEM ( 'NONE', ( #1134 ), #2018 ) ;
#368 = LINE ( 'NONE', #314, #3326 ) ;
#369 = SURFACE_SIDE_STYLE ('',( #2441 ) ) ;
#370 =( NAMED_UNIT ( * ) PLANE_ANGLE_UNIT ( ) SI_UNIT ( $, .RADIAN. ) );
#371 = LINE ( 'NONE', #1703, #2239 ) ;
#372 = EDGE_LOOP ( 'NONE', ( #2909, #540, #2238, #727 ) ) ;
#373 = SURFACE_STYLE_FILL_AREA ( #2428 ) ;
#374 = CARTESIAN_POINT ( 'NONE',  ( 0.4000000000000001887, 0.5000000000000000000, 0.01000000000000000021 ) ) ;
#375 = ORIENTED_EDGE ( 'NONE', *, *, #908, .T. ) ;
#376 = MECHANICAL_DESIGN_GEOMETRIC_PRESENTATION_REPRESENTATION (  '', ( #2257 ), #1558 ) ;
#377 = DIRECTION ( 'NONE',  ( 0.000000000000000000, 0.000000000000000000, 1.000000000000000000 ) ) ;
#378 = STYLED_ITEM ( 'NONE', ( #2249 ), #2427 ) ;
#379 = SURFACE_SIDE_STYLE ('',( #2722 ) ) ;
#380 = ORIENTED_EDGE ( 'NONE', *, *, #2074, .T. ) ;
#381 = DIRECTION ( 'NONE',  ( -1.807003620809175845E-14, 0.000000000000000000, -1.000000000000000000 ) ) ;
#382 = EDGE_CURVE ( 'NONE', #2200, #2417, #3246, .T. ) ;
#383 = DIRECTION ( 'NONE',  ( 0.000000000000000000, 0.000000000000000000, 1.000000000000000000 ) ) ;
#384 = FILL_AREA_STYLE_COLOUR ( '', #2083 ) ;
#385 = ORIENTED_EDGE ( 'NONE', *, *, #2764, .F. ) ;
#386 = ADVANCED_FACE ( 'NONE', ( #2990 ), #2186, .F. ) ;
#387 = FILL_AREA_STYLE ('',( #3013 ) ) ;
#388 = CARTESIAN_POINT ( 'NONE',  ( 1.000000000000000000, 0.1250000000000002220, 0.07600000000000001199 ) ) ;
#389 = DIRECTION ( 'NONE',  ( -1.000000000000000000, -4.646580739223590009E-16, 0.000000000000000000 ) ) ;
#390 =( LENGTH_UNIT ( ) NAMED_UNIT ( * ) SI_UNIT ( .MILLI., .METRE. ) );
#391 = ORIENTED_EDGE ( 'NONE', *, *, #3380, .F. ) ;
#392 = CARTESIAN_POINT ( 'NONE',  ( 0.6500000000000000222, -0.3749999999999999445, 0.000000000000000000 ) ) ;
#393 = SURFACE_SIDE_STYLE ('',( #898 ) ) ;
#394 = ORIENTED_EDGE ( 'NONE', *, *, #733, .F. ) ;
#395 = LINE ( 'NONE', #1712, #1650 ) ;
#396 = CARTESIAN_POINT ( 'NONE',  ( -0.8600000000000000977, 0.6099999999999998757, 0.4649999999999999689 ) ) ;
#397 = ADVANCED_FACE ( 'NONE', ( #2223 ), #1730, .F. ) ;
#398 = EDGE_LOOP ( 'NONE', ( #1265, #1578, #2576, #1640 ) ) ;
#399 = CARTESIAN_POINT ( 'NONE',  ( -1.000000000000000000, 0.1250000000000001665, -0.02500000000000000139 ) ) ;
#400 = EDGE_CURVE ( 'NONE', #326, #3033, #395, .T. ) ;
#401 = CARTESIAN_POINT ( 'NONE',  ( -0.3999999999999998557, 0.2500000000000000000, 0.01000000000000000021 ) ) ;
#402 = SURFACE_STYLE_FILL_AREA ( #2803 ) ;
#403 = FILL_AREA_STYLE ('',( #698 ) ) ;
#404 = ORIENTED_EDGE ( 'NONE', *, *, #1772, .F. ) ;
#405 = DIRECTION ( 'NONE',  ( 0.000000000000000000, 0.000000000000000000, -1.000000000000000000 ) ) ;
#406 = SURFACE_SIDE_STYLE ('',( #1739 ) ) ;
#407 = VECTOR ( 'NONE', #3097, 1000.000000000000000 ) ;
#408 = FACE_OUTER_BOUND ( 'NONE', #2695, .T. ) ;
#409 = ORIENTED_EDGE ( 'NONE', *, *, #1175, .T. ) ;
#410 = VECTOR ( 'NONE', #1422, 1000.000000000000000 ) ;
#411 = COLOUR_RGB ( '',0.8039215686274510109, 0.8039215686274510109, 0.8039215686274510109 ) ;
#412 =( NAMED_UNIT ( * ) SI_UNIT ( $, .STERADIAN. ) SOLID_ANGLE_UNIT ( ) );
#413 = VECTOR ( 'NONE', #3382, 1000.000000000000000 ) ;
#414 = FILL_AREA_STYLE_COLOUR ( '', #2414 ) ;
#415 = CIRCLE ( 'NONE', #1864, 0.02999999999999997113 ) ;
#416 = VECTOR ( 'NONE', #1897, 1000.000000000000000 ) ;
#417 =( GEOMETRIC_REPRESENTATION_CONTEXT ( 3 ) GLOBAL_UNCERTAINTY_ASSIGNED_CONTEXT ( ( #1040 ) ) GLOBAL_UNIT_ASSIGNED_CONTEXT ( ( #553, #1296, #1345 ) ) REPRESENTATION_CONTEXT ( 'NONE', 'WORKASPACE' ) );
#418 = SURFACE_SIDE_STYLE ('',( #673 ) ) ;
#419 = STYLED_ITEM ( 'NONE', ( #3131 ), #968 ) ;
#420 = LINE ( 'NONE', #1495, #2302 ) ;
#421 = SURFACE_SIDE_STYLE ('',( #970 ) ) ;
#422 = STYLED_ITEM ( 'NONE', ( #21 ), #1877 ) ;
#423 = EDGE_CURVE ( 'NONE', #2048, #2478, #1808, .T. ) ;
#424 =( GEOMETRIC_REPRESENTATION_CONTEXT ( 3 ) GLOBAL_UNCERTAINTY_ASSIGNED_CONTEXT ( ( #2199 ) ) GLOBAL_UNIT_ASSIGNED_CONTEXT ( ( #817, #589, #3234 ) ) REPRESENTATION_CONTEXT ( 'NONE', 'WORKASPACE' ) );
#425 = CYLINDRICAL_SURFACE ( 'NONE', #2415, 0.02999999999999997113 ) ;
#426 =( NAMED_UNIT ( * ) SI_UNIT ( $, .STERADIAN. ) SOLID_ANGLE_UNIT ( ) );
#427 = COLOUR_RGB ( '',0.2862745098039215508, 0.2862745098039215508, 0.2862745098039215508 ) ;
#428 = VERTEX_POINT ( 'NONE', #131 ) ;
#429 = DIRECTION ( 'NONE',  ( 0.000000000000000000, -1.000000000000000000, 0.000000000000000000 ) ) ;
#430 = CARTESIAN_POINT ( 'NONE',  ( 0.9700000000000000844, -0.7200000000000003064, 0.4749999999999999778 ) ) ;
#431 =( GEOMETRIC_REPRESENTATION_CONTEXT ( 3 ) GLOBAL_UNCERTAINTY_ASSIGNED_CONTEXT ( ( #2163 ) ) GLOBAL_UNIT_ASSIGNED_CONTEXT ( ( #2870, #1957, #106 ) ) REPRESENTATION_CONTEXT ( 'NONE', 'WORKASPACE' ) );
#432 = PRESENTATION_LAYER_ASSIGNMENT (  '', '', ( #1878 ) ) ;
#433 = AXIS2_PLACEMENT_3D ( 'NONE', #1085, #2220, #2942 ) ;
#434 = DIRECTION ( 'NONE',  ( -1.000000000000000000, 3.097720492815726673E-16, -0.000000000000000000 ) ) ;
#435 = EDGE_LOOP ( 'NONE', ( #1733, #375, #194, #1019 ) ) ;
#436 = VECTOR ( 'NONE', #3189, 1000.000000000000000 ) ;
#437 = FILL_AREA_STYLE ('',( #2778 ) ) ;
#438 = VECTOR ( 'NONE', #2141, 1000.000000000000000 ) ;
#439 = CARTESIAN_POINT ( 'NONE',  ( -1.000000000000000000, 0.3750000000000001110, -0.02500000000000000139 ) ) ;
#440 = DIRECTION ( 'NONE',  ( 0.7071067811865474617, 0.7071067811865474617, 0.000000000000000000 ) ) ;
#441 = ORIENTED_EDGE ( 'NONE', *, *, #1151, .F. ) ;
#442 =( NAMED_UNIT ( * ) SI_UNIT ( $, .STERADIAN. ) SOLID_ANGLE_UNIT ( ) );
#443 = DIRECTION ( 'NONE',  ( -0.000000000000000000, -0.000000000000000000, 1.000000000000000000 ) ) ;
#444 = ORIENTED_EDGE ( 'NONE', *, *, #1472, .F. ) ;
#445 = FILL_AREA_STYLE ('',( #2804 ) ) ;
#446 = ADVANCED_FACE ( 'NONE', ( #1510 ), #708, .T. ) ;
#447 = FILL_AREA_STYLE_COLOUR ( '', #3369 ) ;
#448 = CARTESIAN_POINT ( 'NONE',  ( -1.000000000000000000, 0.3750000000000001110, -0.02500000000000000139 ) ) ;
#449 = ORIENTED_EDGE ( 'NONE', *, *, #67, .T. ) ;
#450 = EDGE_CURVE ( 'NONE', #559, #893, #2466, .T. ) ;
#451 =( NAMED_UNIT ( * ) SI_UNIT ( $, .STERADIAN. ) SOLID_ANGLE_UNIT ( ) );
#452 =( NAMED_UNIT ( * ) PLANE_ANGLE_UNIT ( ) SI_UNIT ( $, .RADIAN. ) );
#453 = FILL_AREA_STYLE ('',( #2504 ) ) ;
#454 = EDGE_LOOP ( 'NONE', ( #2169, #2824, #2946, #2624 ) ) ;
#455 = LINE ( 'NONE', #663, #312 ) ;
#456 =( LENGTH_UNIT ( ) NAMED_UNIT ( * ) SI_UNIT ( .MILLI., .METRE. ) );
#457 = LINE ( 'NONE', #958, #681 ) ;
#458 = CARTESIAN_POINT ( 'NONE',  ( 0.9700000000000000844, -0.7200000000000003064, 0.4449999999999999512 ) ) ;
#459 = EDGE_LOOP ( 'NONE', ( #2708, #1524, #2191, #52 ) ) ;
#460 = SURFACE_STYLE_FILL_AREA ( #1253 ) ;
#461 = EDGE_CURVE ( 'NONE', #2478, #1935, #1485, .T. ) ;
#462 = COLOUR_RGB ( '',0.8039215686274510109, 0.8039215686274510109, 0.8039215686274510109 ) ;
#463 = SURFACE_SIDE_STYLE ('',( #3365 ) ) ;
#464 = SURFACE_STYLE_FILL_AREA ( #2821 ) ;
#465 = MECHANICAL_DESIGN_GEOMETRIC_PRESENTATION_REPRESENTATION (  '', ( #292 ), #2505 ) ;
#466 =( NAMED_UNIT ( * ) SI_UNIT ( $, .STERADIAN. ) SOLID_ANGLE_UNIT ( ) );
#467 = MECHANICAL_DESIGN_GEOMETRIC_PRESENTATION_REPRESENTATION (  '', ( #3012 ), #1487 ) ;
#468 = COLOUR_RGB ( '',0.2862745098039215508, 0.2862745098039215508, 0.2862745098039215508 ) ;
#469 = FACE_OUTER_BOUND ( 'NONE', #3192, .T. ) ;
#470 = VERTEX_POINT ( 'NONE', #1453 ) ;
#471 = PRESENTATION_LAYER_ASSIGNMENT (  '', '', ( #3118 ) ) ;
#472 =( GEOMETRIC_REPRESENTATION_CONTEXT ( 3 ) GLOBAL_UNCERTAINTY_ASSIGNED_CONTEXT ( ( #2438 ) ) GLOBAL_UNIT_ASSIGNED_CONTEXT ( ( #2376, #2650, #2922 ) ) REPRESENTATION_CONTEXT ( 'NONE', 'WORKASPACE' ) );
#473 = CARTESIAN_POINT ( 'NONE',  ( 0.6500000000000000222, -0.3749999999999999445, -0.02500000000000000139 ) ) ;
#474 = CARTESIAN_POINT ( 'NONE',  ( -1.000000000000000000, -0.7500000000000002220, 0.000000000000000000 ) ) ;
#475 =( GEOMETRIC_REPRESENTATION_CONTEXT ( 3 ) GLOBAL_UNCERTAINTY_ASSIGNED_CONTEXT ( ( #2351 ) ) GLOBAL_UNIT_ASSIGNED_CONTEXT ( ( #1194, #675, #426 ) ) REPRESENTATION_CONTEXT ( 'NONE', 'WORKASPACE' ) );
#476 = CARTESIAN_POINT ( 'NONE',  ( 0.9699999999999995293, 0.7499999999999997780, 0.4749999999999999778 ) ) ;
#477 = VERTEX_POINT ( 'NONE', #2057 ) ;
#478 = MECHANICAL_DESIGN_GEOMETRIC_PRESENTATION_REPRESENTATION (  '', ( #2202 ), #2301 ) ;
#479 = DIRECTION ( 'NONE',  ( -1.000000000000000000, 0.000000000000000000, 0.000000000000000000 ) ) ;
#480 = COLOUR_RGB ( '',0.2862745098039215508, 0.2862745098039215508, 0.2862745098039215508 ) ;
#481 = VECTOR ( 'NONE', #901, 1000.000000000000000 ) ;
#482 = DIRECTION ( 'NONE',  ( -0.000000000000000000, -0.000000000000000000, -1.000000000000000000 ) ) ;
#483 = DIRECTION ( 'NONE',  ( -0.000000000000000000, -0.000000000000000000, -1.000000000000000000 ) ) ;
#484 = FILL_AREA_STYLE_COLOUR ( '', #3342 ) ;
#485 = EDGE_CURVE ( 'NONE', #2847, #1901, #226, .T. ) ;
#486 =( GEOMETRIC_REPRESENTATION_CONTEXT ( 3 ) GLOBAL_UNCERTAINTY_ASSIGNED_CONTEXT ( ( #2155 ) ) GLOBAL_UNIT_ASSIGNED_CONTEXT ( ( #2045, #3304, #1005 ) ) REPRESENTATION_CONTEXT ( 'NONE', 'WORKASPACE' ) );
#487 = AXIS2_PLACEMENT_3D ( 'NONE', #2489, #126, #1137 ) ;
#488 = UNCERTAINTY_MEASURE_WITH_UNIT (LENGTH_MEASURE( 1.000000000000000082E-05 ), #1585, 'distance_accuracy_value', 'NONE');
#489 = EDGE_CURVE ( 'NONE', #936, #559, #3121, .T. ) ;
#490 = EDGE_LOOP ( 'NONE', ( #1783, #1243, #1636, #1131 ) ) ;
#491 = PRESENTATION_STYLE_ASSIGNMENT (( #728 ) ) ;
#492 =( NAMED_UNIT ( * ) SI_UNIT ( $, .STERADIAN. ) SOLID_ANGLE_UNIT ( ) );
#493 = VERTEX_POINT ( 'NONE', #3103 ) ;
#494 = CARTESIAN_POINT ( 'NONE',  ( 0.6500000000000000222, 0.3750000000000000000, -0.02500000000000000139 ) ) ;
#495 = CARTESIAN_POINT ( 'NONE',  ( 1.000000000000000000, 0.1250000000000001110, 0.000000000000000000 ) ) ;
#496 = ORIENTED_EDGE ( 'NONE', *, *, #954, .T. ) ;
#497 = SURFACE_STYLE_FILL_AREA ( #558 ) ;
#498 = DIRECTION ( 'NONE',  ( 1.000000000000000000, -3.872150616019658341E-16, 0.000000000000000000 ) ) ;
#499 = EDGE_CURVE ( 'NONE', #2296, #326, #3091, .T. ) ;
#500 =( LENGTH_UNIT ( ) NAMED_UNIT ( * ) SI_UNIT ( .MILLI., .METRE. ) );
#501 = EDGE_CURVE ( 'NONE', #559, #713, #2293, .T. ) ;
#502 = DIRECTION ( 'NONE',  ( 1.000000000000000000, -0.000000000000000000, 0.000000000000000000 ) ) ;
#503 = LINE ( 'NONE', #537, #2065 ) ;
#504 =( LENGTH_UNIT ( ) NAMED_UNIT ( * ) SI_UNIT ( .MILLI., .METRE. ) );
#505 = PLANE ( 'NONE',  #1478 ) ;
#506 = VERTEX_POINT ( 'NONE', #1286 ) ;
#507 = CARTESIAN_POINT ( 'NONE',  ( -0.9700000000000000844, -0.7500000000000002220, 0.000000000000000000 ) ) ;
#508 =( LENGTH_UNIT ( ) NAMED_UNIT ( * ) SI_UNIT ( .MILLI., .METRE. ) );
#509 = AXIS2_PLACEMENT_3D ( 'NONE', #2053, #1799, #717 ) ;
#510 =( NAMED_UNIT ( * ) PLANE_ANGLE_UNIT ( ) SI_UNIT ( $, .RADIAN. ) );
#511 = SURFACE_STYLE_FILL_AREA ( #2061 ) ;
#512 = VECTOR ( 'NONE', #2291, 1000.000000000000000 ) ;
#513 = SURFACE_STYLE_FILL_AREA ( #1866 ) ;
#514 = ORIENTED_EDGE ( 'NONE', *, *, #2858, .T. ) ;
#515 = AXIS2_PLACEMENT_3D ( 'NONE', #618, #1698, #2732 ) ;
#516 = PRESENTATION_LAYER_ASSIGNMENT (  '', '', ( #357 ) ) ;
#517 = SURFACE_STYLE_USAGE ( .BOTH. , #2064 ) ;
#518 = DIRECTION ( 'NONE',  ( -0.000000000000000000, -0.000000000000000000, 1.000000000000000000 ) ) ;
#519 = DIRECTION ( 'NONE',  ( 0.000000000000000000, -0.000000000000000000, -1.000000000000000000 ) ) ;
#520 = EDGE_CURVE ( 'NONE', #57, #2714, #1573, .T. ) ;
#521 = VERTEX_POINT ( 'NONE', #2097 ) ;
#522 = FILL_AREA_STYLE ('',( #29 ) ) ;
#523 = CIRCLE ( 'NONE', #1713, 0.02999999999999997113 ) ;
#524 = PRESENTATION_LAYER_ASSIGNMENT (  '', '', ( #1765 ) ) ;
#525 = PLANE ( 'NONE',  #1427 ) ;
#526 = ORIENTED_EDGE ( 'NONE', *, *, #3146, .T. ) ;
#527 = DIRECTION ( 'NONE',  ( -1.000000000000000000, 0.000000000000000000, -0.000000000000000000 ) ) ;
#528 = VECTOR ( 'NONE', #16, 1000.000000000000000 ) ;
#529 = LINE ( 'NONE', #2639, #630 ) ;
#530 =( NAMED_UNIT ( * ) SI_UNIT ( $, .STERADIAN. ) SOLID_ANGLE_UNIT ( ) );
#531 =( NAMED_UNIT ( * ) SI_UNIT ( $, .STERADIAN. ) SOLID_ANGLE_UNIT ( ) );
#532 = AXIS2_PLACEMENT_3D ( 'NONE', #2290, #2829, #2054 ) ;
#533 = ORIENTED_EDGE ( 'NONE', *, *, #3386, .F. ) ;
#534 = STYLED_ITEM ( 'NONE', ( #173 ), #2820 ) ;
#535 = FILL_AREA_STYLE_COLOUR ( '', #572 ) ;
#536 = FILL_AREA_STYLE_COLOUR ( '', #808 ) ;
#537 = CARTESIAN_POINT ( 'NONE',  ( -1.000000000000000000, -0.1249999999999998890, 0.07600000000000001199 ) ) ;
#538 = LINE ( 'NONE', #238, #438 ) ;
#539 = EDGE_CURVE ( 'NONE', #2756, #2157, #1561, .T. ) ;
#540 = ORIENTED_EDGE ( 'NONE', *, *, #1791, .F. ) ;
#541 = SURFACE_SIDE_STYLE ('',( #860 ) ) ;
#542 = DIRECTION ( 'NONE',  ( -1.000000000000000000, 0.000000000000000000, 0.000000000000000000 ) ) ;
#543 = EDGE_CURVE ( 'NONE', #3085, #3132, #3142, .T. ) ;
#544 = ORIENTED_EDGE ( 'NONE', *, *, #890, .F. ) ;
#545 = LINE ( 'NONE', #866, #3130 ) ;
#546 = UNCERTAINTY_MEASURE_WITH_UNIT (LENGTH_MEASURE( 1.000000000000000082E-05 ), #1088, 'distance_accuracy_value', 'NONE');
#547 = DIRECTION ( 'NONE',  ( -0.000000000000000000, -0.000000000000000000, 1.000000000000000000 ) ) ;
#548 = ORIENTED_EDGE ( 'NONE', *, *, #1477, .F. ) ;
#549 = SURFACE_STYLE_FILL_AREA ( #43 ) ;
#550 = LINE ( 'NONE', #333, #2957 ) ;
#551 = CARTESIAN_POINT ( 'NONE',  ( -0.3999999999999998557, -0.5000000000000000000, 0.01000000000000000021 ) ) ;
#552 = DIRECTION ( 'NONE',  ( 0.000000000000000000, 1.000000000000000000, 0.000000000000000000 ) ) ;
#553 =( LENGTH_UNIT ( ) NAMED_UNIT ( * ) SI_UNIT ( .MILLI., .METRE. ) );
#554 = UNCERTAINTY_MEASURE_WITH_UNIT (LENGTH_MEASURE( 1.000000000000000082E-05 ), #1625, 'distance_accuracy_value', 'NONE');
#555 = ORIENTED_EDGE ( 'NONE', *, *, #1392, .T. ) ;
#556 = CARTESIAN_POINT ( 'NONE',  ( -1.000000000000000000, -0.7200000000000003064, 0.000000000000000000 ) ) ;
#557 = UNCERTAINTY_MEASURE_WITH_UNIT (LENGTH_MEASURE( 1.000000000000000082E-05 ), #3183, 'distance_accuracy_value', 'NONE');
#558 = FILL_AREA_STYLE ('',( #2099 ) ) ;
#559 = VERTEX_POINT ( 'NONE', #507 ) ;
#560 =( NAMED_UNIT ( * ) SI_UNIT ( $, .STERADIAN. ) SOLID_ANGLE_UNIT ( ) );
#561 = PRESENTATION_STYLE_ASSIGNMENT (( #615 ) ) ;
#562 = SURFACE_SIDE_STYLE ('',( #584 ) ) ;
#563 = UNCERTAINTY_MEASURE_WITH_UNIT (LENGTH_MEASURE( 1.000000000000000082E-05 ), #2977, 'distance_accuracy_value', 'NONE');
#564 = ADVANCED_FACE ( 'NONE', ( #2596 ), #723, .T. ) ;
#565 = ORIENTED_EDGE ( 'NONE', *, *, #736, .T. ) ;
#566 = STYLED_ITEM ( 'NONE', ( #2899 ), #124 ) ;
#567 = CARTESIAN_POINT ( 'NONE',  ( -1.000000000000000000, 0.1250000000000001665, -0.02500000000000000139 ) ) ;
#568 =( GEOMETRIC_REPRESENTATION_CONTEXT ( 3 ) GLOBAL_UNCERTAINTY_ASSIGNED_CONTEXT ( ( #637 ) ) GLOBAL_UNIT_ASSIGNED_CONTEXT ( ( #212, #1840, #771 ) ) REPRESENTATION_CONTEXT ( 'NONE', 'WORKASPACE' ) );
#569 = SURFACE_STYLE_FILL_AREA ( #2602 ) ;
#570 = LINE ( 'NONE', #2161, #2362 ) ;
#571 = CARTESIAN_POINT ( 'NONE',  ( 0.6500000000000000222, -0.1250000000000000000, 0.07600000000000001199 ) ) ;
#572 = COLOUR_RGB ( '',0.8039215686274510109, 0.8039215686274510109, 0.8039215686274510109 ) ;
#573 = AXIS2_PLACEMENT_3D ( 'NONE', #2538, #169, #3308 ) ;
#574 =( LENGTH_UNIT ( ) NAMED_UNIT ( * ) SI_UNIT ( .MILLI., .METRE. ) );
#575 = VERTEX_POINT ( 'NONE', #1587 ) ;
#576 = PRESENTATION_STYLE_ASSIGNMENT (( #840 ) ) ;
#577 = PRESENTATION_LAYER_ASSIGNMENT (  '', '', ( #580 ) ) ;
#578 = PRESENTATION_LAYER_ASSIGNMENT (  '', '', ( #2890 ) ) ;
#579 = LINE ( 'NONE', #827, #3129 ) ;
#580 = STYLED_ITEM ( 'NONE', ( #665 ), #720 ) ;
#581 = ORIENTED_EDGE ( 'NONE', *, *, #1386, .T. ) ;
#582 = SURFACE_STYLE_USAGE ( .BOTH. , #2418 ) ;
#583 = UNCERTAINTY_MEASURE_WITH_UNIT (LENGTH_MEASURE( 1.000000000000000082E-05 ), #2177, 'distance_accuracy_value', 'NONE');
#584 = SURFACE_STYLE_FILL_AREA ( #604 ) ;
#585 = AXIS2_PLACEMENT_3D ( 'NONE', #2176, #619, #2662 ) ;
#586 = AXIS2_PLACEMENT_3D ( 'NONE', #3145, #2617, #1036 ) ;
#587 =( GEOMETRIC_REPRESENTATION_CONTEXT ( 3 ) GLOBAL_UNCERTAINTY_ASSIGNED_CONTEXT ( ( #1850 ) ) GLOBAL_UNIT_ASSIGNED_CONTEXT ( ( #3035, #1781, #1187 ) ) REPRESENTATION_CONTEXT ( 'NONE', 'WORKASPACE' ) );
#588 = EDGE_CURVE ( 'NONE', #2861, #1342, #2854, .T. ) ;
#589 =( NAMED_UNIT ( * ) PLANE_ANGLE_UNIT ( ) SI_UNIT ( $, .RADIAN. ) );
#590 = CIRCLE ( 'NONE', #3075, 0.05500000000000003497 ) ;
#591 = ORIENTED_EDGE ( 'NONE', *, *, #1006, .T. ) ;
#592 = COLOUR_RGB ( '',0.2862745098039215508, 0.2862745098039215508, 0.2862745098039215508 ) ;
#593 = LINE ( 'NONE', #821, #2134 ) ;
#594 = CARTESIAN_POINT ( 'NONE',  ( -0.1499999999999998557, 0.5000000000000000000, 0.01000000000000000021 ) ) ;
#595 = EDGE_CURVE ( 'NONE', #1935, #300, #1792, .T. ) ;
#596 = STYLED_ITEM ( 'NONE', ( #3333 ), #2570 ) ;
#597 = PRESENTATION_LAYER_ASSIGNMENT (  '', '', ( #158 ) ) ;
#598 = PRESENTATION_LAYER_ASSIGNMENT (  '', '', ( #1885 ) ) ;
#599 = EDGE_LOOP ( 'NONE', ( #3095, #75, #581, #707 ) ) ;
#600 = SURFACE_SIDE_STYLE ('',( #1122 ) ) ;
#601 =( LENGTH_UNIT ( ) NAMED_UNIT ( * ) SI_UNIT ( .MILLI., .METRE. ) );
#602 = CARTESIAN_POINT ( 'NONE',  ( -0.9700000000000000844, 0.000000000000000000, 0.4749999999999999778 ) ) ;
#603 = ORIENTED_EDGE ( 'NONE', *, *, #1872, .T. ) ;
#604 = FILL_AREA_STYLE ('',( #2928 ) ) ;
#605 = PLANE ( 'NONE',  #1814 ) ;
#606 = ORIENTED_EDGE ( 'NONE', *, *, #2537, .T. ) ;
#607 = SURFACE_STYLE_USAGE ( .BOTH. , #2424 ) ;
#608 = DIRECTION ( 'NONE',  ( 0.000000000000000000, 1.000000000000000000, 0.000000000000000000 ) ) ;
#609 = CARTESIAN_POINT ( 'NONE',  ( 0.9700000000000000844, 0.000000000000000000, 0.4749999999999999778 ) ) ;
#610 = SURFACE_SIDE_STYLE ('',( #78 ) ) ;
#611 =( NAMED_UNIT ( * ) SI_UNIT ( $, .STERADIAN. ) SOLID_ANGLE_UNIT ( ) );
#612 = EDGE_CURVE ( 'NONE', #1974, #1394, #3155, .T. ) ;
#613 = EDGE_LOOP ( 'NONE', ( #1770, #865, #1426, #214 ) ) ;
#614 = VERTEX_POINT ( 'NONE', #2297 ) ;
#615 = SURFACE_STYLE_USAGE ( .BOTH. , #2927 ) ;
#616 = CARTESIAN_POINT ( 'NONE',  ( -0.6500000000000000222, -0.1249999999999998335, 0.07600000014917895896 ) ) ;
#617 = ORIENTED_EDGE ( 'NONE', *, *, #269, .F. ) ;
#618 = CARTESIAN_POINT ( 'NONE',  ( -0.8600000000000000977, 0.6099999999999998757, 0.4649999999999999689 ) ) ;
#619 = DIRECTION ( 'NONE',  ( 0.000000000000000000, -1.000000000000000000, 0.000000000000000000 ) ) ;
#620 = CARTESIAN_POINT ( 'NONE',  ( 0.000000000000000000, 0.000000000000000000, 0.4749999999999999778 ) ) ;
#621 = PLANE ( 'NONE',  #487 ) ;
#622 = FILL_AREA_STYLE ('',( #319 ) ) ;
#623 = VECTOR ( 'NONE', #518, 1000.000000000000000 ) ;
#624 = CARTESIAN_POINT ( 'NONE',  ( -0.6500000000000000222, 0.3750000000000001665, 0.07600000000000001199 ) ) ;
#625 = UNCERTAINTY_MEASURE_WITH_UNIT (LENGTH_MEASURE( 1.000000000000000082E-05 ), #1202, 'distance_accuracy_value', 'NONE');
#626 = ORIENTED_EDGE ( 'NONE', *, *, #672, .F. ) ;
#627 = EDGE_CURVE ( 'NONE', #1825, #575, #1590, .T. ) ;
#628 =( LENGTH_UNIT ( ) NAMED_UNIT ( * ) SI_UNIT ( .MILLI., .METRE. ) );
#629 =( GEOMETRIC_REPRESENTATION_CONTEXT ( 3 ) GLOBAL_UNCERTAINTY_ASSIGNED_CONTEXT ( ( #2392 ) ) GLOBAL_UNIT_ASSIGNED_CONTEXT ( ( #1446, #1178, #611 ) ) REPRESENTATION_CONTEXT ( 'NONE', 'WORKASPACE' ) );
#630 = VECTOR ( 'NONE', #267, 1000.000000000000114 ) ;
#631 = COLOUR_RGB ( '',0.8039215686274510109, 0.8039215686274510109, 0.8039215686274510109 ) ;
#632 = PRESENTATION_LAYER_ASSIGNMENT (  '', '', ( #2135 ) ) ;
#633 = ORIENTED_EDGE ( 'NONE', *, *, #285, .F. ) ;
#634 = EDGE_CURVE ( 'NONE', #2200, #3286, #2885, .T. ) ;
#635 = CARTESIAN_POINT ( 'NONE',  ( -1.000000000000000000, -0.7500000000000002220, 0.000000000000000000 ) ) ;
#636 = DIRECTION ( 'NONE',  ( 1.000000000000000000, -3.872150616019658341E-16, -0.000000000000000000 ) ) ;
#637 = UNCERTAINTY_MEASURE_WITH_UNIT (LENGTH_MEASURE( 1.000000000000000082E-05 ), #212, 'distance_accuracy_value', 'NONE');
#638 = VECTOR ( 'NONE', #666, 1000.000000000000000 ) ;
#639 = VECTOR ( 'NONE', #2809, 1000.000000000000000 ) ;
#640 = PRESENTATION_STYLE_ASSIGNMENT (( #107 ) ) ;
#641 = ORIENTED_EDGE ( 'NONE', *, *, #167, .F. ) ;
#642 = AXIS2_PLACEMENT_3D ( 'NONE', #3331, #443, #2247 ) ;
#643 =( LENGTH_UNIT ( ) NAMED_UNIT ( * ) SI_UNIT ( .MILLI., .METRE. ) );
#644 = SURFACE_SIDE_STYLE ('',( #2716 ) ) ;
#645 = PRESENTATION_LAYER_ASSIGNMENT (  '', '', ( #2963 ) ) ;
#646 = DIRECTION ( 'NONE',  ( 1.000000000000000000, 1.548860246407863336E-16, 0.000000000000000000 ) ) ;
#647 = VECTOR ( 'NONE', #1113, 1000.000000000000000 ) ;
#648 = SURFACE_STYLE_USAGE ( .BOTH. , #697 ) ;
#649 = FILL_AREA_STYLE ('',( #3208 ) ) ;
#650 = ORIENTED_EDGE ( 'NONE', *, *, #1674, .F. ) ;
#651 =( NAMED_UNIT ( * ) PLANE_ANGLE_UNIT ( ) SI_UNIT ( $, .RADIAN. ) );
#652 = STYLED_ITEM ( 'NONE', ( #2012 ), #2549 ) ;
#653 = ADVANCED_FACE ( 'NONE', ( #2183 ), #262, .T. ) ;
#654 = EDGE_LOOP ( 'NONE', ( #2339, #225, #1988, #3264, #2893 ) ) ;
#655 = DIRECTION ( 'NONE',  ( 0.000000000000000000, 0.000000000000000000, 1.000000000000000000 ) ) ;
#656 =( NAMED_UNIT ( * ) PLANE_ANGLE_UNIT ( ) SI_UNIT ( $, .RADIAN. ) );
#657 = ADVANCED_FACE ( 'NONE', ( #2148 ), #1105, .F. ) ;
#658 = VERTEX_POINT ( 'NONE', #1144 ) ;
#659 = LINE ( 'NONE', #1735, #30 ) ;
#660 = FACE_OUTER_BOUND ( 'NONE', #3111, .T. ) ;
#661 =( NAMED_UNIT ( * ) PLANE_ANGLE_UNIT ( ) SI_UNIT ( $, .RADIAN. ) );
#662 =( NAMED_UNIT ( * ) SI_UNIT ( $, .STERADIAN. ) SOLID_ANGLE_UNIT ( ) );
#663 = CARTESIAN_POINT ( 'NONE',  ( 0.6500000000000000222, 0.1250000000000000555, 0.07600000000000001199 ) ) ;
#664 = ORIENTED_EDGE ( 'NONE', *, *, #22, .F. ) ;
#665 = PRESENTATION_STYLE_ASSIGNMENT (( #1969 ) ) ;
#666 = DIRECTION ( 'NONE',  ( 0.000000000000000000, 0.000000000000000000, -1.000000000000000000 ) ) ;
#667 = ORIENTED_EDGE ( 'NONE', *, *, #612, .F. ) ;
#668 = DIRECTION ( 'NONE',  ( 0.000000000000000000, 0.000000000000000000, -1.000000000000000000 ) ) ;
#669 =( NAMED_UNIT ( * ) SI_UNIT ( $, .STERADIAN. ) SOLID_ANGLE_UNIT ( ) );
#670 = DIRECTION ( 'NONE',  ( 1.000000000000000000, 1.548860246407863336E-16, 0.000000000000000000 ) ) ;
#671 = DIRECTION ( 'NONE',  ( -1.000000000000000000, 0.000000000000000000, -0.000000000000000000 ) ) ;
#672 = EDGE_CURVE ( 'NONE', #358, #2248, #2907, .T. ) ;
#673 = SURFACE_STYLE_FILL_AREA ( #387 ) ;
#674 = DIRECTION ( 'NONE',  ( 1.000000000000000000, 4.646580739223590009E-16, 0.000000000000000000 ) ) ;
#675 =( NAMED_UNIT ( * ) PLANE_ANGLE_UNIT ( ) SI_UNIT ( $, .RADIAN. ) );
#676 = EDGE_LOOP ( 'NONE', ( #1081, #1165, #899, #2370 ) ) ;
#677 = CARTESIAN_POINT ( 'NONE',  ( 1.000000000000000000, -0.1250000000000001388, -0.02500000000000000139 ) ) ;
#678 = MECHANICAL_DESIGN_GEOMETRIC_PRESENTATION_REPRESENTATION (  '', ( #290 ), #1642 ) ;
#679 = DIRECTION ( 'NONE',  ( 0.000000000000000000, 0.000000000000000000, -1.000000000000000000 ) ) ;
#680 = ORIENTED_EDGE ( 'NONE', *, *, #890, .T. ) ;
#681 = VECTOR ( 'NONE', #223, 1000.000000000000000 ) ;
#682 = SURFACE_STYLE_FILL_AREA ( #3057 ) ;
#683 = CIRCLE ( 'NONE', #2128, 0.02999999999999997113 ) ;
#684 =( GEOMETRIC_REPRESENTATION_CONTEXT ( 3 ) GLOBAL_UNCERTAINTY_ASSIGNED_CONTEXT ( ( #2167 ) ) GLOBAL_UNIT_ASSIGNED_CONTEXT ( ( #3372, #3134, #2875 ) ) REPRESENTATION_CONTEXT ( 'NONE', 'WORKASPACE' ) );
#685 = PRESENTATION_LAYER_ASSIGNMENT (  '', '', ( #1074 ) ) ;
#686 =( NAMED_UNIT ( * ) PLANE_ANGLE_UNIT ( ) SI_UNIT ( $, .RADIAN. ) );
#687 =( LENGTH_UNIT ( ) NAMED_UNIT ( * ) SI_UNIT ( .MILLI., .METRE. ) );
#688 = AXIS2_PLACEMENT_3D ( 'NONE', #1680, #1180, #1728 ) ;
#689 = COLOUR_RGB ( '',0.2862745098039215508, 0.2862745098039215508, 0.2862745098039215508 ) ;
#690 = EDGE_CURVE ( 'NONE', #119, #2756, #2391, .T. ) ;
#691 = STYLED_ITEM ( 'NONE', ( #320 ), #1747 ) ;
#692 = DIRECTION ( 'NONE',  ( -0.000000000000000000, -0.000000000000000000, 1.000000000000000000 ) ) ;
#693 = ORIENTED_EDGE ( 'NONE', *, *, #2586, .F. ) ;
#694 =( GEOMETRIC_REPRESENTATION_CONTEXT ( 3 ) GLOBAL_UNCERTAINTY_ASSIGNED_CONTEXT ( ( #272 ) ) GLOBAL_UNIT_ASSIGNED_CONTEXT ( ( #2898, #221, #1291 ) ) REPRESENTATION_CONTEXT ( 'NONE', 'WORKASPACE' ) );
#695 = MANIFOLD_SOLID_BREP ( 'LPattern2[1]', #3321 ) ;
#696 = EDGE_CURVE ( 'NONE', #2993, #1115, #1451, .T. ) ;
#697 = SURFACE_SIDE_STYLE ('',( #2010 ) ) ;
#698 = FILL_AREA_STYLE_COLOUR ( '', #2349 ) ;
#699 = MECHANICAL_DESIGN_GEOMETRIC_PRESENTATION_REPRESENTATION (  '', ( #196 ), #1494 ) ;
#700 = LINE ( 'NONE', #222, #407 ) ;
#701 =( NAMED_UNIT ( * ) SI_UNIT ( $, .STERADIAN. ) SOLID_ANGLE_UNIT ( ) );
#702 = FILL_AREA_STYLE ('',( #447 ) ) ;
#703 = PRESENTATION_LAYER_ASSIGNMENT (  '', '', ( #1373 ) ) ;
#704 = COLOUR_RGB ( '',0.8039215686274510109, 0.8039215686274510109, 0.8039215686274510109 ) ;
#705 = PRESENTATION_LAYER_ASSIGNMENT (  '', '', ( #318 ) ) ;
#706 = CARTESIAN_POINT ( 'NONE',  ( 1.000000000000000000, 0.3749999999999998890, 0.07600000000000001199 ) ) ;
#707 = ORIENTED_EDGE ( 'NONE', *, *, #2001, .T. ) ;
#708 = PLANE ( 'NONE',  #1863 ) ;
#709 = FILL_AREA_STYLE ('',( #1992 ) ) ;
#710 = FILL_AREA_STYLE_COLOUR ( '', #246 ) ;
#711 = CARTESIAN_POINT ( 'NONE',  ( -0.3999999999999998557, -0.5000000000000000000, 0.01000000000000000021 ) ) ;
#712 = SURFACE_STYLE_FILL_AREA ( #1782 ) ;
#713 = VERTEX_POINT ( 'NONE', #556 ) ;
#714 = MANIFOLD_SOLID_BREP ( 'Boss-Extrude4', #2725 ) ;
#715 = DIRECTION ( 'NONE',  ( 0.000000000000000000, 0.000000000000000000, -1.000000000000000000 ) ) ;
#716 = DIRECTION ( 'NONE',  ( -1.000000000000000000, 0.000000000000000000, 0.000000000000000000 ) ) ;
#717 = DIRECTION ( 'NONE',  ( 1.000000000000000000, 0.000000000000000000, 0.000000000000000000 ) ) ;
#718 = CARTESIAN_POINT ( 'NONE',  ( -1.000000000000000000, -0.7200000000000003064, 0.4749999999999999778 ) ) ;
#719 = SURFACE_STYLE_FILL_AREA ( #3087 ) ;
#720 = ADVANCED_FACE ( 'NONE', ( #2792 ), #1756, .T. ) ;
#721 = DIRECTION ( 'NONE',  ( 1.000000000000000000, 0.000000000000000000, 0.000000000000000000 ) ) ;
#722 = ORIENTED_EDGE ( 'NONE', *, *, #1579, .F. ) ;
#723 = PLANE ( 'NONE',  #2679 ) ;
#724 = CARTESIAN_POINT ( 'NONE',  ( -0.6500000000000000222, -0.3749999999999999445, 0.07599999997864870238 ) ) ;
#725 = FACE_OUTER_BOUND ( 'NONE', #435, .T. ) ;
#726 = LINE ( 'NONE', #1612, #809 ) ;
#727 = ORIENTED_EDGE ( 'NONE', *, *, #83, .T. ) ;
#728 = SURFACE_STYLE_USAGE ( .BOTH. , #3152 ) ;
#729 = CARTESIAN_POINT ( 'NONE',  ( -0.6500000000000000222, -0.1249999999999998335, 0.07600000000000001199 ) ) ;
#730 = SURFACE_STYLE_USAGE ( .BOTH. , #3136 ) ;
#731 = DIRECTION ( 'NONE',  ( -0.000000000000000000, -0.000000000000000000, 1.000000000000000000 ) ) ;
#732 =( LENGTH_UNIT ( ) NAMED_UNIT ( * ) SI_UNIT ( .MILLI., .METRE. ) );
#733 = EDGE_CURVE ( 'NONE', #2048, #1935, #3379, .T. ) ;
#734 = EDGE_LOOP ( 'NONE', ( #526, #296 ) ) ;
#735 = DIRECTION ( 'NONE',  ( 0.000000000000000000, 0.000000000000000000, -1.000000000000000000 ) ) ;
#736 = EDGE_CURVE ( 'NONE', #1375, #1974, #1234, .T. ) ;
#737 = PRESENTATION_LAYER_ASSIGNMENT (  '', '', ( #2614 ) ) ;
#738 = FILL_AREA_STYLE ('',( #2550 ) ) ;
#739 = PRESENTATION_LAYER_ASSIGNMENT (  '', '', ( #1862 ) ) ;
#740 = MECHANICAL_DESIGN_GEOMETRIC_PRESENTATION_REPRESENTATION (  '', ( #802 ), #240 ) ;
#741 = COLOUR_RGB ( '',0.2862745098039215508, 0.2862745098039215508, 0.2862745098039215508 ) ;
#742 = DIRECTION ( 'NONE',  ( 1.000000000000000000, 0.000000000000000000, -0.000000000000000000 ) ) ;
#743 = CARTESIAN_POINT ( 'NONE',  ( -1.000000000000000000, 0.1250000000000001665, 0.000000000000000000 ) ) ;
#744 = ORIENTED_EDGE ( 'NONE', *, *, #1472, .T. ) ;
#745 = STYLED_ITEM ( 'NONE', ( #1572 ), #1731 ) ;
#746 = STYLED_ITEM ( 'NONE', ( #68 ), #653 ) ;
#747 = FILL_AREA_STYLE ('',( #535 ) ) ;
#748 = CARTESIAN_POINT ( 'NONE',  ( 0.000000000000000000, 0.5000000000000000000, 0.07600000000000001199 ) ) ;
#749 = ORIENTED_EDGE ( 'NONE', *, *, #3209, .F. ) ;
#750 = DIRECTION ( 'NONE',  ( 0.000000000000000000, 1.000000000000000000, 0.000000000000000000 ) ) ;
#751 = CIRCLE ( 'NONE', #1205, 0.02999999999999997113 ) ;
#752 = FILL_AREA_STYLE_COLOUR ( '', #689 ) ;
#753 = SURFACE_SIDE_STYLE ('',( #2866 ) ) ;
#754 = VERTEX_POINT ( 'NONE', #351 ) ;
#755 =( GEOMETRIC_REPRESENTATION_CONTEXT ( 3 ) GLOBAL_UNCERTAINTY_ASSIGNED_CONTEXT ( ( #2668 ) ) GLOBAL_UNIT_ASSIGNED_CONTEXT ( ( #847, #1127, #2948 ) ) REPRESENTATION_CONTEXT ( 'NONE', 'WORKASPACE' ) );
#756 = CARTESIAN_POINT ( 'NONE',  ( 0.000000000000000000, 0.000000000000000000, -0.02500000000000000139 ) ) ;
#757 = PRESENTATION_LAYER_ASSIGNMENT (  '', '', ( #1666 ) ) ;
#758 = ADVANCED_FACE ( 'NONE', ( #2458 ), #3377, .F. ) ;
#759 =( NAMED_UNIT ( * ) PLANE_ANGLE_UNIT ( ) SI_UNIT ( $, .RADIAN. ) );
#760 = COLOUR_RGB ( '',0.2862745098039215508, 0.2862745098039215508, 0.2862745098039215508 ) ;
#761 = CARTESIAN_POINT ( 'NONE',  ( -0.9700000000000000844, 0.7199999999999997513, 0.4449999999999999512 ) ) ;
#762 =( NAMED_UNIT ( * ) PLANE_ANGLE_UNIT ( ) SI_UNIT ( $, .RADIAN. ) );
#763 = SURFACE_STYLE_USAGE ( .BOTH. , #3390 ) ;
#764 = EDGE_CURVE ( 'NONE', #1289, #57, #457, .T. ) ;
#765 = COLOUR_RGB ( '',0.8039215686274510109, 0.8039215686274510109, 0.8039215686274510109 ) ;
#766 = DIRECTION ( 'NONE',  ( 0.000000000000000000, 0.000000000000000000, -1.000000000000000000 ) ) ;
#767 = VECTOR ( 'NONE', #47, 1000.000000000000000 ) ;
#768 = VERTEX_POINT ( 'NONE', #2093 ) ;
#769 = SURFACE_STYLE_USAGE ( .BOTH. , #822 ) ;
#770 = FACE_OUTER_BOUND ( 'NONE', #889, .T. ) ;
#771 =( NAMED_UNIT ( * ) SI_UNIT ( $, .STERADIAN. ) SOLID_ANGLE_UNIT ( ) );
#772 = FILL_AREA_STYLE_COLOUR ( '', #3334 ) ;
#773 = ORIENTED_EDGE ( 'NONE', *, *, #1584, .F. ) ;
#774 = CARTESIAN_POINT ( 'NONE',  ( -1.000000000000000000, -0.3749999999999998335, 0.07600000000000001199 ) ) ;
#775 = LINE ( 'NONE', #1324, #2574 ) ;
#776 = SURFACE_STYLE_USAGE ( .BOTH. , #216 ) ;
#777 = CARTESIAN_POINT ( 'NONE',  ( -0.8600000000000000977, 0.6099999999999998757, 0.4649999999999999689 ) ) ;
#778 = ADVANCED_FACE ( 'NONE', ( #1248 ), #505, .F. ) ;
#779 = PLANE ( 'NONE',  #2530 ) ;
#780 = ORIENTED_EDGE ( 'NONE', *, *, #1834, .F. ) ;
#781 =( LENGTH_UNIT ( ) NAMED_UNIT ( * ) SI_UNIT ( .MILLI., .METRE. ) );
#782 = CARTESIAN_POINT ( 'NONE',  ( 1.000000000000000000, 0.3749999999999998890, 0.07600000000000001199 ) ) ;
#783 = CARTESIAN_POINT ( 'NONE',  ( -0.8600000000000000977, 0.6099999999999998757, 0.4749999999999999778 ) ) ;
#784 = UNCERTAINTY_MEASURE_WITH_UNIT (LENGTH_MEASURE( 1.000000000000000082E-05 ), #1017, 'distance_accuracy_value', 'NONE');
#785 = SURFACE_STYLE_FILL_AREA ( #3400 ) ;
#786 = EDGE_LOOP ( 'NONE', ( #1167, #1098, #3338, #1517 ) ) ;
#787 = CARTESIAN_POINT ( 'NONE',  ( -0.9700000000000000844, 0.7499999999999997780, 0.4749999999999999778 ) ) ;
#788 = FACE_OUTER_BOUND ( 'NONE', #654, .T. ) ;
#789 = ORIENTED_EDGE ( 'NONE', *, *, #1477, .T. ) ;
#790 = LINE ( 'NONE', #3106, #2087 ) ;
#791 =( NAMED_UNIT ( * ) PLANE_ANGLE_UNIT ( ) SI_UNIT ( $, .RADIAN. ) );
#792 = DIRECTION ( 'NONE',  ( 0.000000000000000000, 0.000000000000000000, -1.000000000000000000 ) ) ;
#793 = MECHANICAL_DESIGN_GEOMETRIC_PRESENTATION_REPRESENTATION (  '', ( #3222 ), #1801 ) ;
#794 = DIRECTION ( 'NONE',  ( -1.000000000000000000, 0.000000000000000000, 0.000000000000000000 ) ) ;
#795 = ORIENTED_EDGE ( 'NONE', *, *, #41, .T. ) ;
#796 = EDGE_CURVE ( 'NONE', #57, #1087, #1269, .T. ) ;
#797 = MECHANICAL_DESIGN_GEOMETRIC_PRESENTATION_REPRESENTATION (  '', ( #2825 ), #236 ) ;
#798 = FILL_AREA_STYLE ('',( #3096 ) ) ;
#799 = AXIS2_PLACEMENT_3D ( 'NONE', #3364, #2835, #479 ) ;
#800 =( NAMED_UNIT ( * ) PLANE_ANGLE_UNIT ( ) SI_UNIT ( $, .RADIAN. ) );
#801 = LINE ( 'NONE', #1853, #876 ) ;
#802 = STYLED_ITEM ( 'NONE', ( #1086 ), #1456 ) ;
#803 = MECHANICAL_DESIGN_GEOMETRIC_PRESENTATION_REPRESENTATION (  '', ( #746 ), #472 ) ;
#804 = EDGE_CURVE ( 'NONE', #1741, #1535, #2603, .T. ) ;
#805 = SURFACE_SIDE_STYLE ('',( #785 ) ) ;
#806 = VECTOR ( 'NONE', #1057, 1000.000000000000000 ) ;
#807 = ORIENTED_EDGE ( 'NONE', *, *, #908, .F. ) ;
#808 = COLOUR_RGB ( '',0.8039215686274510109, 0.8039215686274510109, 0.8039215686274510109 ) ;
#809 = VECTOR ( 'NONE', #1050, 1000.000000000000000 ) ;
#810 = DIRECTION ( 'NONE',  ( -0.000000000000000000, -1.000000000000000000, -0.000000000000000000 ) ) ;
#811 = ORIENTED_EDGE ( 'NONE', *, *, #2749, .T. ) ;
#812 = MECHANICAL_DESIGN_GEOMETRIC_PRESENTATION_REPRESENTATION (  '', ( #1553 ), #1266 ) ;
#813 = SURFACE_STYLE_USAGE ( .BOTH. , #846 ) ;
#814 = UNCERTAINTY_MEASURE_WITH_UNIT (LENGTH_MEASURE( 1.000000000000000082E-05 ), #2930, 'distance_accuracy_value', 'NONE');
#815 = AXIS2_PLACEMENT_3D ( 'NONE', #1682, #1091, #1884 ) ;
#816 = STYLED_ITEM ( 'NONE', ( #1737 ), #3362 ) ;
#817 =( LENGTH_UNIT ( ) NAMED_UNIT ( * ) SI_UNIT ( .MILLI., .METRE. ) );
#818 = VECTOR ( 'NONE', #731, 1000.000000000000000 ) ;
#819 = VERTEX_POINT ( 'NONE', #239 ) ;
#820 = AXIS2_PLACEMENT_3D ( 'NONE', #2769, #2822, #3051 ) ;
#821 = CARTESIAN_POINT ( 'NONE',  ( -0.1499999999999998557, 0.5000000000000000000, 0.01000000000000000021 ) ) ;
#822 = SURFACE_SIDE_STYLE ('',( #3135 ) ) ;
#823 = FILL_AREA_STYLE_COLOUR ( '', #1881 ) ;
#824 = VERTEX_POINT ( 'NONE', #3352 ) ;
#825 = ADVANCED_FACE ( 'NONE', ( #3318 ), #975, .T. ) ;
#826 =( LENGTH_UNIT ( ) NAMED_UNIT ( * ) SI_UNIT ( .MILLI., .METRE. ) );
#827 = CARTESIAN_POINT ( 'NONE',  ( -0.6500000000000000222, -0.1249999999999998335, 0.07600000000000001199 ) ) ;
#828 = CARTESIAN_POINT ( 'NONE',  ( -0.1499999999999998557, 0.5000000000000000000, 0.01000000000000000021 ) ) ;
#829 = VERTEX_POINT ( 'NONE', #571 ) ;
#830 = SURFACE_STYLE_USAGE ( .BOTH. , #88 ) ;
#831 = LINE ( 'NONE', #2422, #183 ) ;
#832 = ORIENTED_EDGE ( 'NONE', *, *, #2340, .T. ) ;
#833 = CARTESIAN_POINT ( 'NONE',  ( -0.9700000000000000844, -0.7200000000000003064, 0.4449999999999999512 ) ) ;
#834 = CARTESIAN_POINT ( 'NONE',  ( 1.000000000000000000, 0.3749999999999998890, 0.07600000000000001199 ) ) ;
#835 = FACE_OUTER_BOUND ( 'NONE', #3198, .T. ) ;
#836 = CARTESIAN_POINT ( 'NONE',  ( -0.8600000000000000977, 0.6099999999999998757, 0.4649999999999999689 ) ) ;
#837 = DIRECTION ( 'NONE',  ( -1.000000000000000000, 0.000000000000000000, -0.000000000000000000 ) ) ;
#838 =( NAMED_UNIT ( * ) PLANE_ANGLE_UNIT ( ) SI_UNIT ( $, .RADIAN. ) );
#839 = ORIENTED_EDGE ( 'NONE', *, *, #3269, .F. ) ;
#840 = SURFACE_STYLE_USAGE ( .BOTH. , #1369 ) ;
#841 = UNCERTAINTY_MEASURE_WITH_UNIT (LENGTH_MEASURE( 1.000000000000000082E-05 ), #1313, 'distance_accuracy_value', 'NONE');
#842 = EDGE_CURVE ( 'NONE', #829, #493, #2143, .T. ) ;
#843 = DIRECTION ( 'NONE',  ( 1.000000000000000000, 1.548860246407863336E-16, 0.000000000000000000 ) ) ;
#844 = ORIENTED_EDGE ( 'NONE', *, *, #2591, .F. ) ;
#845 =( NAMED_UNIT ( * ) PLANE_ANGLE_UNIT ( ) SI_UNIT ( $, .RADIAN. ) );
#846 = SURFACE_SIDE_STYLE ('',( #1902 ) ) ;
#847 =( LENGTH_UNIT ( ) NAMED_UNIT ( * ) SI_UNIT ( .MILLI., .METRE. ) );
#848 = EDGE_CURVE ( 'NONE', #70, #61, #1634, .T. ) ;
#849 = SURFACE_STYLE_USAGE ( .BOTH. , #363 ) ;
#850 = FILL_AREA_STYLE_COLOUR ( '', #306 ) ;
#851 = ORIENTED_EDGE ( 'NONE', *, *, #1920, .F. ) ;
#852 = PRESENTATION_LAYER_ASSIGNMENT (  '', '', ( #290 ) ) ;
#853 = DIRECTION ( 'NONE',  ( 0.000000000000000000, -1.000000000000000000, 0.000000000000000000 ) ) ;
#854 = VECTOR ( 'NONE', #1460, 1000.000000000000000 ) ;
#855 =( GEOMETRIC_REPRESENTATION_CONTEXT ( 3 ) GLOBAL_UNCERTAINTY_ASSIGNED_CONTEXT ( ( #303 ) ) GLOBAL_UNIT_ASSIGNED_CONTEXT ( ( #924, #661, #3219 ) ) REPRESENTATION_CONTEXT ( 'NONE', 'WORKASPACE' ) );
#856 = LINE ( 'NONE', #3016, #2447 ) ;
#857 = MECHANICAL_DESIGN_GEOMETRIC_PRESENTATION_REPRESENTATION (  '', ( #1068 ), #3117 ) ;
#858 = VERTEX_POINT ( 'NONE', #1749 ) ;
#859 = COLOUR_RGB ( '',0.9607843137254902244, 0.9607843137254902244, 0.9607843137254902244 ) ;
#860 = SURFACE_STYLE_FILL_AREA ( #522 ) ;
#861 = AXIS2_PLACEMENT_3D ( 'NONE', #1410, #2125, #1334 ) ;
#862 = VECTOR ( 'NONE', #434, 1000.000000000000000 ) ;
#863 = MECHANICAL_DESIGN_GEOMETRIC_PRESENTATION_REPRESENTATION (  '', ( #1021 ), #1305 ) ;
#864 = FACE_OUTER_BOUND ( 'NONE', #2867, .T. ) ;
#865 = ORIENTED_EDGE ( 'NONE', *, *, #1604, .T. ) ;
#866 = CARTESIAN_POINT ( 'NONE',  ( -1.000000000000000000, 0.7499999999999997780, 0.4449999999999999512 ) ) ;
#867 = FILL_AREA_STYLE_COLOUR ( '', #976 ) ;
#868 = MECHANICAL_DESIGN_GEOMETRIC_PRESENTATION_REPRESENTATION (  '', ( #422 ), #972 ) ;
#869 = MECHANICAL_DESIGN_GEOMETRIC_PRESENTATION_REPRESENTATION (  '', ( #2035 ), #2842 ) ;
#870 =( GEOMETRIC_REPRESENTATION_CONTEXT ( 3 ) GLOBAL_UNCERTAINTY_ASSIGNED_CONTEXT ( ( #1070 ) ) GLOBAL_UNIT_ASSIGNED_CONTEXT ( ( #1654, #1945, #62 ) ) REPRESENTATION_CONTEXT ( 'NONE', 'WORKASPACE' ) );
#871 = AXIS2_PLACEMENT_3D ( 'NONE', #2569, #3405, #2330 ) ;
#872 = EDGE_CURVE ( 'NONE', #3066, #1602, #2264, .T. ) ;
#873 = ORIENTED_EDGE ( 'NONE', *, *, #202, .F. ) ;
#874 = DIRECTION ( 'NONE',  ( 1.000000000000000000, 0.000000000000000000, -0.000000000000000000 ) ) ;
#875 = FACE_OUTER_BOUND ( 'NONE', #2772, .T. ) ;
#876 = VECTOR ( 'NONE', #3168, 1000.000000000000000 ) ;
#877 = LINE ( 'NONE', #1420, #2607 ) ;
#878 = CARTESIAN_POINT ( 'NONE',  ( 1.000000000000000000, -0.3749999999999997780, -0.02500000000000000139 ) ) ;
#879 = PLANE ( 'NONE',  #2780 ) ;
#880 =( NAMED_UNIT ( * ) PLANE_ANGLE_UNIT ( ) SI_UNIT ( $, .RADIAN. ) );
#881 = CYLINDRICAL_SURFACE ( 'NONE', #642, 0.05500000000000003497 ) ;
#882 = EDGE_LOOP ( 'NONE', ( #603, #2669, #633 ) ) ;
#883 = DIRECTION ( 'NONE',  ( -1.000000000000000000, -0.000000000000000000, -0.000000000000000000 ) ) ;
#884 = DIRECTION ( 'NONE',  ( 0.000000000000000000, -1.000000000000000000, 0.000000000000000000 ) ) ;
#885 = ORIENTED_EDGE ( 'NONE', *, *, #2004, .F. ) ;
#886 = DIRECTION ( 'NONE',  ( 1.000000000000000000, 0.000000000000000000, 0.000000000000000000 ) ) ;
#887 = DIRECTION ( 'NONE',  ( -3.097720492815726673E-16, -1.000000000000000000, 0.000000000000000000 ) ) ;
#888 =( NAMED_UNIT ( * ) PLANE_ANGLE_UNIT ( ) SI_UNIT ( $, .RADIAN. ) );
#889 = EDGE_LOOP ( 'NONE', ( #3002, #1593, #1143, #2593 ) ) ;
#890 = EDGE_CURVE ( 'NONE', #1115, #1368, #371, .T. ) ;
#891 = DIRECTION ( 'NONE',  ( 0.000000000000000000, 1.000000000000000000, -0.000000000000000000 ) ) ;
#892 = PRESENTATION_STYLE_ASSIGNMENT (( #1162 ) ) ;
#893 = VERTEX_POINT ( 'NONE', #2770 ) ;
#894 = ADVANCED_FACE ( 'NONE', ( #942 ), #879, .F. ) ;
#895 = CARTESIAN_POINT ( 'NONE',  ( 0.000000000000000000, 0.000000000000000000, 0.07600000000000001199 ) ) ;
#896 = DIRECTION ( 'NONE',  ( 1.000000000000000000, 0.000000000000000000, 0.000000000000000000 ) ) ;
#897 = ORIENTED_EDGE ( 'NONE', *, *, #910, .T. ) ;
#898 = SURFACE_STYLE_FILL_AREA ( #3021 ) ;
#899 = ORIENTED_EDGE ( 'NONE', *, *, #539, .T. ) ;
#900 = PRESENTATION_STYLE_ASSIGNMENT (( #2279 ) ) ;
#901 = DIRECTION ( 'NONE',  ( -0.000000000000000000, -0.000000000000000000, 1.000000000000000000 ) ) ;
#902 = CARTESIAN_POINT ( 'NONE',  ( 0.6500000000000000222, 0.3750000000000000000, 0.07600000000000001199 ) ) ;
#903 = DIRECTION ( 'NONE',  ( -0.000000000000000000, -0.000000000000000000, 1.000000000000000000 ) ) ;
#904 = EDGE_LOOP ( 'NONE', ( #2711, #1297, #650, #385 ) ) ;
#905 = DIRECTION ( 'NONE',  ( 1.000000000000000000, 0.000000000000000000, -0.000000000000000000 ) ) ;
#906 = FACE_OUTER_BOUND ( 'NONE', #2138, .T. ) ;
#907 = CARTESIAN_POINT ( 'NONE',  ( -1.000000000000000000, 0.3750000000000001110, 0.07600000000000001199 ) ) ;
#908 = EDGE_CURVE ( 'NONE', #3358, #3056, #3283, .T. ) ;
#909 = ORIENTED_EDGE ( 'NONE', *, *, #1539, .T. ) ;
#910 = EDGE_CURVE ( 'NONE', #1693, #470, #3017, .T. ) ;
#911 = PRESENTATION_LAYER_ASSIGNMENT (  '', '', ( #3172 ) ) ;
#912 = AXIS2_PLACEMENT_3D ( 'NONE', #620, #3036, #1136 ) ;
#913 = LINE ( 'NONE', #2710, #1308 ) ;
#914 = AXIS2_PLACEMENT_3D ( 'NONE', #2481, #2015, #655 ) ;
#915 = ORIENTED_EDGE ( 'NONE', *, *, #1409, .F. ) ;
#916 = FACE_OUTER_BOUND ( 'NONE', #1412, .T. ) ;
#917 = MECHANICAL_DESIGN_GEOMETRIC_PRESENTATION_REPRESENTATION (  '', ( #1429 ), #417 ) ;
#918 = PLANE ( 'NONE',  #1214 ) ;
#919 = SURFACE_STYLE_USAGE ( .BOTH. , #963 ) ;
#920 = ORIENTED_EDGE ( 'NONE', *, *, #1409, .T. ) ;
#921 = PRESENTATION_LAYER_ASSIGNMENT (  '', '', ( #2838 ) ) ;
#922 = DIRECTION ( 'NONE',  ( -0.000000000000000000, -0.000000000000000000, 1.000000000000000000 ) ) ;
#923 = DIRECTION ( 'NONE',  ( 4.646580739223590009E-16, -1.000000000000000000, 0.000000000000000000 ) ) ;
#924 =( LENGTH_UNIT ( ) NAMED_UNIT ( * ) SI_UNIT ( .MILLI., .METRE. ) );
#925 = FILL_AREA_STYLE_COLOUR ( '', #3032 ) ;
#926 = MECHANICAL_DESIGN_GEOMETRIC_PRESENTATION_REPRESENTATION (  '', ( #1373 ), #3240 ) ;
#927 =( GEOMETRIC_REPRESENTATION_CONTEXT ( 3 ) GLOBAL_UNCERTAINTY_ASSIGNED_CONTEXT ( ( #1626 ) ) GLOBAL_UNIT_ASSIGNED_CONTEXT ( ( #2779, #1563, #2616 ) ) REPRESENTATION_CONTEXT ( 'NONE', 'WORKASPACE' ) );
#928 = DIRECTION ( 'NONE',  ( -0.000000000000000000, -0.000000000000000000, 1.000000000000000000 ) ) ;
#929 = CYLINDRICAL_SURFACE ( 'NONE', #36, 0.02999999999999997113 ) ;
#930 = ORIENTED_EDGE ( 'NONE', *, *, #3164, .F. ) ;
#931 = FILL_AREA_STYLE ('',( #2696 ) ) ;
#932 = VECTOR ( 'NONE', #2510, 1000.000000000000000 ) ;
#933 = AXIS2_PLACEMENT_3D ( 'NONE', #2335, #750, #1821 ) ;
#934 = LINE ( 'NONE', #1664, #3230 ) ;
#935 = EDGE_CURVE ( 'NONE', #1835, #1246, #1723, .T. ) ;
#936 = VERTEX_POINT ( 'NONE', #1189 ) ;
#937 = SURFACE_STYLE_USAGE ( .BOTH. , #1201 ) ;
#938 = SURFACE_STYLE_USAGE ( .BOTH. , #1454 ) ;
#939 = PRESENTATION_STYLE_ASSIGNMENT (( #3031 ) ) ;
#940 = FACE_OUTER_BOUND ( 'NONE', #1319, .T. ) ;
#941 = DIRECTION ( 'NONE',  ( 0.000000000000000000, 1.000000000000000000, 0.000000000000000000 ) ) ;
#942 = FACE_OUTER_BOUND ( 'NONE', #1790, .T. ) ;
#943 = CARTESIAN_POINT ( 'NONE',  ( -0.9700000000000000844, -0.7200000000000003064, 0.4749999999999999778 ) ) ;
#944 = FILL_AREA_STYLE ('',( #1753 ) ) ;
#945 = ORIENTED_EDGE ( 'NONE', *, *, #1362, .T. ) ;
#946 = DIRECTION ( 'NONE',  ( -0.000000000000000000, -0.000000000000000000, 1.000000000000000000 ) ) ;
#947 =( NAMED_UNIT ( * ) PLANE_ANGLE_UNIT ( ) SI_UNIT ( $, .RADIAN. ) );
#948 = LINE ( 'NONE', #979, #3018 ) ;
#949 = ORIENTED_EDGE ( 'NONE', *, *, #355, .F. ) ;
#950 =( NAMED_UNIT ( * ) PLANE_ANGLE_UNIT ( ) SI_UNIT ( $, .RADIAN. ) );
#951 = EDGE_CURVE ( 'NONE', #1602, #1835, #2529, .T. ) ;
#952 = FACE_OUTER_BOUND ( 'NONE', #1859, .T. ) ;
#953 = PRESENTATION_STYLE_ASSIGNMENT (( #1715 ) ) ;
#954 = EDGE_CURVE ( 'NONE', #893, #2326, #2575, .T. ) ;
#955 = PLANE ( 'NONE',  #820 ) ;
#956 = FACE_OUTER_BOUND ( 'NONE', #786, .T. ) ;
#957 = EDGE_LOOP ( 'NONE', ( #873, #87, #544, #2579, #1841 ) ) ;
#958 = CARTESIAN_POINT ( 'NONE',  ( -0.6500000000000000222, 0.3750000000000001665, -0.02500000000000000139 ) ) ;
#959 = SPHERICAL_SURFACE ( 'NONE', #1707, 0.02999999999999999889 ) ;
#960 = ORIENTED_EDGE ( 'NONE', *, *, #2591, .T. ) ;
#961 = VECTOR ( 'NONE', #646, 1000.000000000000000 ) ;
#962 = LINE ( 'NONE', #2259, #1157 ) ;
#963 = SURFACE_SIDE_STYLE ('',( #1239 ) ) ;
#964 = STYLED_ITEM ( 'NONE', ( #576 ), #695 ) ;
#965 = VECTOR ( 'NONE', #1757, 1000.000000000000000 ) ;
#966 = DIRECTION ( 'NONE',  ( 0.000000000000000000, -1.000000000000000000, 0.000000000000000000 ) ) ;
#967 = SURFACE_SIDE_STYLE ('',( #2487 ) ) ;
#968 = ADVANCED_FACE ( 'NONE', ( #469 ), #1018, .F. ) ;
#969 =( LENGTH_UNIT ( ) NAMED_UNIT ( * ) SI_UNIT ( .MILLI., .METRE. ) );
#970 = SURFACE_STYLE_FILL_AREA ( #205 ) ;
#971 = VERTEX_POINT ( 'NONE', #3162 ) ;
#972 =( GEOMETRIC_REPRESENTATION_CONTEXT ( 3 ) GLOBAL_UNCERTAINTY_ASSIGNED_CONTEXT ( ( #3151 ) ) GLOBAL_UNIT_ASSIGNED_CONTEXT ( ( #2850, #1837, #492 ) ) REPRESENTATION_CONTEXT ( 'NONE', 'WORKASPACE' ) );
#973 = PRESENTATION_STYLE_ASSIGNMENT (( #2023 ) ) ;
#974 = ORIENTED_EDGE ( 'NONE', *, *, #3305, .F. ) ;
#975 = PLANE ( 'NONE',  #2068 ) ;
#976 = COLOUR_RGB ( '',0.2862745098039215508, 0.2862745098039215508, 0.2862745098039215508 ) ;
#977 = CIRCLE ( 'NONE', #1440, 0.02999999999999997113 ) ;
#978 = VECTOR ( 'NONE', #928, 1000.000000000000000 ) ;
#979 = CARTESIAN_POINT ( 'NONE',  ( 1.000000000000000000, -0.7200000000000003064, 0.4749999999999999778 ) ) ;
#980 = VERTEX_POINT ( 'NONE', #1887 ) ;
#981 = CIRCLE ( 'NONE', #2902, 0.05500000000000003497 ) ;
#982 = DIRECTION ( 'NONE',  ( 0.000000000000000000, 0.000000000000000000, 1.000000000000000000 ) ) ;
#983 = PRESENTATION_LAYER_ASSIGNMENT (  '', '', ( #534 ) ) ;
#984 =( NAMED_UNIT ( * ) SI_UNIT ( $, .STERADIAN. ) SOLID_ANGLE_UNIT ( ) );
#985 = PLANE ( 'NONE',  #1424 ) ;
#986 =( NAMED_UNIT ( * ) PLANE_ANGLE_UNIT ( ) SI_UNIT ( $, .RADIAN. ) );
#987 = SURFACE_STYLE_USAGE ( .BOTH. , #2274 ) ;
#988 = CARTESIAN_POINT ( 'NONE',  ( -1.000000000000000000, -0.3749999999999998335, 0.07600000009233554010 ) ) ;
#989 = ORIENTED_EDGE ( 'NONE', *, *, #2705, .F. ) ;
#990 = EDGE_CURVE ( 'NONE', #300, #1394, #2556, .T. ) ;
#991 = PRESENTATION_STYLE_ASSIGNMENT (( #3315 ) ) ;
#992 = ORIENTED_EDGE ( 'NONE', *, *, #2955, .T. ) ;
#993 = LINE ( 'NONE', #1755, #1160 ) ;
#994 = EDGE_CURVE ( 'NONE', #1530, #2151, #831, .T. ) ;
#995 =( LENGTH_UNIT ( ) NAMED_UNIT ( * ) SI_UNIT ( .MILLI., .METRE. ) );
#996 = ORIENTED_EDGE ( 'NONE', *, *, #3209, .T. ) ;
#997 = CARTESIAN_POINT ( 'NONE',  ( 0.6500000000000000222, 0.3750000000000000000, -0.02500000000000000139 ) ) ;
#998 = CARTESIAN_POINT ( 'NONE',  ( 1.000000000000000000, 0.7199999999999997513, 0.000000000000000000 ) ) ;
#999 = CARTESIAN_POINT ( 'NONE',  ( -0.8050000000000000488, 0.6099999999999998757, 0.4649999999999999689 ) ) ;
#1000 = LINE ( 'NONE', #3148, #2098 ) ;
#1001 = ORIENTED_EDGE ( 'NONE', *, *, #1102, .F. ) ;
#1002 = CYLINDRICAL_SURFACE ( 'NONE', #85, 0.05500000000000003497 ) ;
#1003 = SURFACE_STYLE_FILL_AREA ( #2876 ) ;
#1004 = ORIENTED_EDGE ( 'NONE', *, *, #1258, .T. ) ;
#1005 =( NAMED_UNIT ( * ) SI_UNIT ( $, .STERADIAN. ) SOLID_ANGLE_UNIT ( ) );
#1006 = EDGE_CURVE ( 'NONE', #1312, #2051, #2644, .T. ) ;
#1007 = SURFACE_SIDE_STYLE ('',( #2830 ) ) ;
#1008 = FILL_AREA_STYLE ('',( #772 ) ) ;
#1009 = ORIENTED_EDGE ( 'NONE', *, *, #804, .T. ) ;
#1010 = ADVANCED_FACE ( 'NONE', ( #1311 ), #310, .F. ) ;
#1011 = STYLED_ITEM ( 'NONE', ( #892 ), #894 ) ;
#1012 = CARTESIAN_POINT ( 'NONE',  ( -0.6500000000000000222, 0.3750000000000001665, 0.07600000000000001199 ) ) ;
#1013 = FILL_AREA_STYLE ('',( #2640 ) ) ;
#1014 = PRESENTATION_LAYER_ASSIGNMENT (  '', '', ( #1072 ) ) ;
#1015 = AXIS2_PLACEMENT_3D ( 'NONE', #1667, #2397, #1149 ) ;
#1016 = VECTOR ( 'NONE', #843, 1000.000000000000000 ) ;
#1017 =( LENGTH_UNIT ( ) NAMED_UNIT ( * ) SI_UNIT ( .MILLI., .METRE. ) );
#1018 = PLANE ( 'NONE',  #2286 ) ;
#1019 = ORIENTED_EDGE ( 'NONE', *, *, #2586, .T. ) ;
#1020 = COLOUR_RGB ( '',0.8039215686274510109, 0.8039215686274510109, 0.8039215686274510109 ) ;
#1021 = STYLED_ITEM ( 'NONE', ( #286 ), #1010 ) ;
#1022 = FILL_AREA_STYLE ('',( #1343 ) ) ;
#1023 = FACE_OUTER_BOUND ( 'NONE', #1417, .T. ) ;
#1024 = FACE_OUTER_BOUND ( 'NONE', #1109, .T. ) ;
#1025 = DIRECTION ( 'NONE',  ( 0.000000000000000000, 0.000000000000000000, 1.000000000000000000 ) ) ;
#1026 = LINE ( 'NONE', #1317, #806 ) ;
#1027 = ORIENTED_EDGE ( 'NONE', *, *, #499, .F. ) ;
#1028 = STYLED_ITEM ( 'NONE', ( #2482 ), #3229 ) ;
#1029 = CARTESIAN_POINT ( 'NONE',  ( -0.9700000000000000844, -0.7500000000000002220, 0.4749999999999999778 ) ) ;
#1030 = PRESENTATION_LAYER_ASSIGNMENT (  '', '', ( #2519 ) ) ;
#1031 = MECHANICAL_DESIGN_GEOMETRIC_PRESENTATION_REPRESENTATION (  '', ( #1771 ), #2522 ) ;
#1032 = ADVANCED_FACE ( 'NONE', ( #1384 ), #1869, .T. ) ;
#1033 = DIRECTION ( 'NONE',  ( 0.000000000000000000, -0.000000000000000000, 1.000000000000000000 ) ) ;
#1034 = VECTOR ( 'NONE', #3317, 1000.000000000000000 ) ;
#1035 = DIRECTION ( 'NONE',  ( -0.000000000000000000, 1.000000000000000000, -0.000000000000000000 ) ) ;
#1036 = DIRECTION ( 'NONE',  ( 0.000000000000000000, 0.000000000000000000, 1.000000000000000000 ) ) ;
#1037 = PRESENTATION_LAYER_ASSIGNMENT (  '', '', ( #2094 ) ) ;
#1038 = SURFACE_SIDE_STYLE ('',( #230 ) ) ;
#1039 = VECTOR ( 'NONE', #1052, 1000.000000000000000 ) ;
#1040 = UNCERTAINTY_MEASURE_WITH_UNIT (LENGTH_MEASURE( 1.000000000000000082E-05 ), #553, 'distance_accuracy_value', 'NONE');
#1041 = CARTESIAN_POINT ( 'NONE',  ( 0.000000000000000000, 0.5000000000000000000, 0.07600000000000001199 ) ) ;
#1042 = ORIENTED_EDGE ( 'NONE', *, *, #3003, .F. ) ;
#1043 = SURFACE_STYLE_FILL_AREA ( #1282 ) ;
#1044 = FACE_OUTER_BOUND ( 'NONE', #613, .T. ) ;
#1045 = DIRECTION ( 'NONE',  ( -0.000000000000000000, -0.000000000000000000, 1.000000000000000000 ) ) ;
#1046 = DIRECTION ( 'NONE',  ( -3.872150616019658834E-16, -1.000000000000000000, 0.000000000000000000 ) ) ;
#1047 = ORIENTED_EDGE ( 'NONE', *, *, #951, .T. ) ;
#1048 = PLANE ( 'NONE',  #688 ) ;
#1049 = CARTESIAN_POINT ( 'NONE',  ( -1.000000000000000000, 0.3750000000000001110, 0.07600000000000001199 ) ) ;
#1050 = DIRECTION ( 'NONE',  ( 1.000000000000000000, -0.000000000000000000, -0.000000000000000000 ) ) ;
#1051 = ADVANCED_FACE ( 'NONE', ( #2849 ), #1002, .T. ) ;
#1052 = DIRECTION ( 'NONE',  ( -0.000000000000000000, 1.000000000000000000, -0.000000000000000000 ) ) ;
#1053 = ADVANCED_FACE ( 'NONE', ( #2063 ), #1281, .T. ) ;
#1054 = CARTESIAN_POINT ( 'NONE',  ( -0.9700000000000000844, 0.7199999999999998623, 0.4449999999999999512 ) ) ;
#1055 = ORIENTED_EDGE ( 'NONE', *, *, #1674, .T. ) ;
#1056 = CARTESIAN_POINT ( 'NONE',  ( -0.6500000000000000222, -0.3749999999999999445, -0.02500000000000000139 ) ) ;
#1057 = DIRECTION ( 'NONE',  ( -0.000000000000000000, -0.000000000000000000, 1.000000000000000000 ) ) ;
#1058 = ORIENTED_EDGE ( 'NONE', *, *, #2116, .F. ) ;
#1059 = FILL_AREA_STYLE_COLOUR ( '', #362 ) ;
#1060 = SURFACE_SIDE_STYLE ('',( #497 ) ) ;
#1061 = ORIENTED_EDGE ( 'NONE', *, *, #180, .F. ) ;
#1062 =( NAMED_UNIT ( * ) PLANE_ANGLE_UNIT ( ) SI_UNIT ( $, .RADIAN. ) );
#1063 =( LENGTH_UNIT ( ) NAMED_UNIT ( * ) SI_UNIT ( .MILLI., .METRE. ) );
#1064 = DIRECTION ( 'NONE',  ( 0.000000000000000000, 1.000000000000000000, 0.000000000000000000 ) ) ;
#1065 = SURFACE_SIDE_STYLE ('',( #1613 ) ) ;
#1066 = VECTOR ( 'NONE', #2623, 1000.000000000000000 ) ;
#1067 = DIRECTION ( 'NONE',  ( 1.000000000000000000, -0.000000000000000000, 0.000000000000000000 ) ) ;
#1068 = STYLED_ITEM ( 'NONE', ( #3105 ), #335 ) ;
#1069 = ORIENTED_EDGE ( 'NONE', *, *, #3146, .F. ) ;
#1070 = UNCERTAINTY_MEASURE_WITH_UNIT (LENGTH_MEASURE( 1.000000000000000082E-05 ), #1654, 'distance_accuracy_value', 'NONE');
#1071 = EDGE_CURVE ( 'NONE', #3286, #1776, #368, .T. ) ;
#1072 = STYLED_ITEM ( 'NONE', ( #2862 ), #1053 ) ;
#1073 = CARTESIAN_POINT ( 'NONE',  ( 1.000000000000000000, -0.7200000000000003064, 0.4449999999999999512 ) ) ;
#1074 = STYLED_ITEM ( 'NONE', ( #561 ), #339 ) ;
#1075 = FACE_OUTER_BOUND ( 'NONE', #2002, .T. ) ;
#1076 = DIRECTION ( 'NONE',  ( 0.000000000000000000, 0.000000000000000000, 1.000000000000000000 ) ) ;
#1077 = COLOUR_RGB ( '',0.2862745098039215508, 0.2862745098039215508, 0.2862745098039215508 ) ;
#1078 = VECTOR ( 'NONE', #2316, 1000.000000000000000 ) ;
#1079 =( LENGTH_UNIT ( ) NAMED_UNIT ( * ) SI_UNIT ( .MILLI., .METRE. ) );
#1080 =( GEOMETRIC_REPRESENTATION_CONTEXT ( 3 ) GLOBAL_UNCERTAINTY_ASSIGNED_CONTEXT ( ( #2588 ) ) GLOBAL_UNIT_ASSIGNED_CONTEXT ( ( #995, #3319, #2832 ) ) REPRESENTATION_CONTEXT ( 'NONE', 'WORKASPACE' ) );
#1081 = ORIENTED_EDGE ( 'NONE', *, *, #1900, .T. ) ;
#1082 = CARTESIAN_POINT ( 'NONE',  ( 1.000000000000000000, 0.3749999999999998890, 0.07600000000000001199 ) ) ;
#1083 = UNCERTAINTY_MEASURE_WITH_UNIT (LENGTH_MEASURE( 1.000000000000000082E-05 ), #1498, 'distance_accuracy_value', 'NONE');
#1084 = VECTOR ( 'NONE', #2024, 1000.000000000000000 ) ;
#1085 = CARTESIAN_POINT ( 'NONE',  ( 0.000000000000000000, 0.000000000000000000, 0.000000000000000000 ) ) ;
#1086 = PRESENTATION_STYLE_ASSIGNMENT (( #31 ) ) ;
#1087 = VERTEX_POINT ( 'NONE', #567 ) ;
#1088 =( LENGTH_UNIT ( ) NAMED_UNIT ( * ) SI_UNIT ( .MILLI., .METRE. ) );
#1089 = MECHANICAL_DESIGN_GEOMETRIC_PRESENTATION_REPRESENTATION (  '', ( #2625 ), #1600 ) ;
#1090 = FILL_AREA_STYLE ('',( #3199 ) ) ;
#1091 = DIRECTION ( 'NONE',  ( 0.000000000000000000, 0.000000000000000000, 1.000000000000000000 ) ) ;
#1092 = COLOUR_RGB ( '',0.2862745098039215508, 0.2862745098039215508, 0.2862745098039215508 ) ;
#1093 = VECTOR ( 'NONE', #547, 1000.000000000000000 ) ;
#1094 = AXIS2_PLACEMENT_3D ( 'NONE', #895, #1913, #2738 ) ;
#1095 = PRESENTATION_STYLE_ASSIGNMENT (( #849 ) ) ;
#1096 = FACE_OUTER_BOUND ( 'NONE', #2853, .T. ) ;
#1097 =( GEOMETRIC_REPRESENTATION_CONTEXT ( 3 ) GLOBAL_UNCERTAINTY_ASSIGNED_CONTEXT ( ( #2657 ) ) GLOBAL_UNIT_ASSIGNED_CONTEXT ( ( #1268, #1233, #701 ) ) REPRESENTATION_CONTEXT ( 'NONE', 'WORKASPACE' ) );
#1098 = ORIENTED_EDGE ( 'NONE', *, *, #489, .F. ) ;
#1099 = CARTESIAN_POINT ( 'NONE',  ( 0.4000000000000001887, 0.5000000000000000000, 0.01000000000000000021 ) ) ;
#1100 = FILL_AREA_STYLE ('',( #2916 ) ) ;
#1101 = CARTESIAN_POINT ( 'NONE',  ( 0.4000000000000001887, 0.5000000000000000000, 0.000000000000000000 ) ) ;
#1102 = EDGE_CURVE ( 'NONE', #1246, #1849, #1402, .T. ) ;
#1103 = CARTESIAN_POINT ( 'NONE',  ( 0.4000000000000001887, -0.5000000000000000000, 0.000000000000000000 ) ) ;
#1104 = ORIENTED_EDGE ( 'NONE', *, *, #872, .F. ) ;
#1105 = PLANE ( 'NONE',  #1657 ) ;
#1106 = EDGE_CURVE ( 'NONE', #2048, #1125, #1388, .T. ) ;
#1107 = CARTESIAN_POINT ( 'NONE',  ( -1.000000000000000000, 0.3750000000000001110, -0.02500000000000000139 ) ) ;
#1108 =( NAMED_UNIT ( * ) SI_UNIT ( $, .STERADIAN. ) SOLID_ANGLE_UNIT ( ) );
#1109 = EDGE_LOOP ( 'NONE', ( #1004, #2319, #2974, #2759 ) ) ;
#1110 = DIRECTION ( 'NONE',  ( 1.000000000000000000, -0.000000000000000000, 0.000000000000000000 ) ) ;
#1111 = UNCERTAINTY_MEASURE_WITH_UNIT (LENGTH_MEASURE( 1.000000000000000082E-05 ), #1398, 'distance_accuracy_value', 'NONE');
#1112 = PLANE ( 'NONE',  #1320 ) ;
#1113 = DIRECTION ( 'NONE',  ( -0.000000000000000000, 1.000000000000000000, -0.000000000000000000 ) ) ;
#1114 = DIRECTION ( 'NONE',  ( -4.646580739223590009E-16, 1.000000000000000000, 0.000000000000000000 ) ) ;
#1115 = VERTEX_POINT ( 'NONE', #2175 ) ;
#1116 = PLANE ( 'NONE',  #1153 ) ;
#1117 = CARTESIAN_POINT ( 'NONE',  ( 1.000000000000000000, 0.3749999999999998890, -0.02500000000000000139 ) ) ;
#1118 =( NAMED_UNIT ( * ) PLANE_ANGLE_UNIT ( ) SI_UNIT ( $, .RADIAN. ) );
#1119 = ADVANCED_FACE ( 'NONE', ( #1889 ), #288, .F. ) ;
#1120 = UNCERTAINTY_MEASURE_WITH_UNIT (LENGTH_MEASURE( 1.000000000000000082E-05 ), #2500, 'distance_accuracy_value', 'NONE');
#1121 = ORIENTED_EDGE ( 'NONE', *, *, #954, .F. ) ;
#1122 = SURFACE_STYLE_FILL_AREA ( #1876 ) ;
#1123 = SURFACE_STYLE_USAGE ( .BOTH. , #379 ) ;
#1124 = EDGE_CURVE ( 'NONE', #470, #2714, #2452, .T. ) ;
#1125 = VERTEX_POINT ( 'NONE', #1073 ) ;
#1126 = DIRECTION ( 'NONE',  ( -0.000000000000000000, -0.000000000000000000, 1.000000000000000000 ) ) ;
#1127 =( NAMED_UNIT ( * ) PLANE_ANGLE_UNIT ( ) SI_UNIT ( $, .RADIAN. ) );
#1128 = UNCERTAINTY_MEASURE_WITH_UNIT (LENGTH_MEASURE( 1.000000000000000082E-05 ), #826, 'distance_accuracy_value', 'NONE');
#1129 = CARTESIAN_POINT ( 'NONE',  ( 0.6500000000000000222, -0.3749999999999999445, -0.02500000000000000139 ) ) ;
#1130 = CARTESIAN_POINT ( 'NONE',  ( -0.6500000000000000222, -0.3749999999999999445, -0.02500000000000000139 ) ) ;
#1131 = ORIENTED_EDGE ( 'NONE', *, *, #764, .F. ) ;
#1132 = VECTOR ( 'NONE', #1232, 1000.000000000000000 ) ;
#1133 = LINE ( 'NONE', #97, #1355 ) ;
#1134 = PRESENTATION_STYLE_ASSIGNMENT (( #77 ) ) ;
#1135 = COLOUR_RGB ( '',0.2862745098039215508, 0.2862745098039215508, 0.2862745098039215508 ) ;
#1136 = DIRECTION ( 'NONE',  ( -1.000000000000000000, 0.000000000000000000, -0.000000000000000000 ) ) ;
#1137 = DIRECTION ( 'NONE',  ( 0.000000000000000000, 0.000000000000000000, -1.000000000000000000 ) ) ;
#1138 = SURFACE_STYLE_FILL_AREA ( #2009 ) ;
#1139 = AXIS2_PLACEMENT_3D ( 'NONE', #1908, #2933, #3252 ) ;
#1140 = VECTOR ( 'NONE', #1537, 1000.000000000000000 ) ;
#1141 = FACE_OUTER_BOUND ( 'NONE', #2354, .T. ) ;
#1142 = CARTESIAN_POINT ( 'NONE',  ( -0.9700000000000000844, 0.7199999999999998623, 0.4449999999999999512 ) ) ;
#1143 = ORIENTED_EDGE ( 'NONE', *, *, #994, .F. ) ;
#1144 = CARTESIAN_POINT ( 'NONE',  ( -1.000000000000000000, 0.1250000000000001665, 0.07600000000000001199 ) ) ;
#1145 =( GEOMETRIC_REPRESENTATION_CONTEXT ( 3 ) GLOBAL_UNCERTAINTY_ASSIGNED_CONTEXT ( ( #1170 ) ) GLOBAL_UNIT_ASSIGNED_CONTEXT ( ( #2564, #1842, #451 ) ) REPRESENTATION_CONTEXT ( 'NONE', 'WORKASPACE' ) );
#1146 = MECHANICAL_DESIGN_GEOMETRIC_PRESENTATION_REPRESENTATION (  '', ( #691 ), #2565 ) ;
#1147 = FILL_AREA_STYLE_COLOUR ( '', #2831 ) ;
#1148 = ORIENTED_EDGE ( 'NONE', *, *, #1851, .F. ) ;
#1149 = DIRECTION ( 'NONE',  ( 1.000000000000000000, 4.646580739223590009E-16, 0.000000000000000000 ) ) ;
#1150 = VECTOR ( 'NONE', #3253, 1000.000000000000000 ) ;
#1151 = EDGE_CURVE ( 'NONE', #1342, #2472, #1928, .T. ) ;
#1152 = AXIS2_PLACEMENT_3D ( 'NONE', #2954, #1672, #1683 ) ;
#1153 = AXIS2_PLACEMENT_3D ( 'NONE', #2553, #3050, #1229 ) ;
#1154 = CARTESIAN_POINT ( 'NONE',  ( -1.000000000000000000, 0.1250000000000001665, 0.07600000000000001199 ) ) ;
#1155 =( LENGTH_UNIT ( ) NAMED_UNIT ( * ) SI_UNIT ( .MILLI., .METRE. ) );
#1156 = ORIENTED_EDGE ( 'NONE', *, *, #143, .F. ) ;
#1157 = VECTOR ( 'NONE', #3296, 1000.000000000000000 ) ;
#1158 = DIRECTION ( 'NONE',  ( -0.000000000000000000, -0.000000000000000000, -1.000000000000000000 ) ) ;
#1159 = CARTESIAN_POINT ( 'NONE',  ( -1.000000000000000000, -0.3749999999999998335, 0.000000000000000000 ) ) ;
#1160 = VECTOR ( 'NONE', #2311, 1000.000000000000000 ) ;
#1161 = CARTESIAN_POINT ( 'NONE',  ( -0.6500000000000000222, -0.3749999999999999445, 0.07600000000000001199 ) ) ;
#1162 = SURFACE_STYLE_USAGE ( .BOTH. , #3239 ) ;
#1163 = STYLED_ITEM ( 'NONE', ( #1978 ), #2744 ) ;
#1164 = DIRECTION ( 'NONE',  ( -1.000000000000000000, 0.000000000000000000, 0.000000000000000000 ) ) ;
#1165 = ORIENTED_EDGE ( 'NONE', *, *, #690, .T. ) ;
#1166 = PRESENTATION_STYLE_ASSIGNMENT (( #2495 ) ) ;
#1167 = ORIENTED_EDGE ( 'NONE', *, *, #501, .F. ) ;
#1168 = CARTESIAN_POINT ( 'NONE',  ( 0.9699999999999995293, 0.7199999999999998623, 0.4449999999999999512 ) ) ;
#1169 = LINE ( 'NONE', #3178, #2355 ) ;
#1170 = UNCERTAINTY_MEASURE_WITH_UNIT (LENGTH_MEASURE( 1.000000000000000082E-05 ), #2564, 'distance_accuracy_value', 'NONE');
#1171 = EDGE_CURVE ( 'NONE', #2417, #1776, #593, .T. ) ;
#1172 = VERTEX_POINT ( 'NONE', #2440 ) ;
#1173 = FACE_OUTER_BOUND ( 'NONE', #904, .T. ) ;
#1174 = PLANE ( 'NONE',  #2796 ) ;
#1175 = EDGE_CURVE ( 'NONE', #1450, #2378, #1133, .T. ) ;
#1176 = FILL_AREA_STYLE_COLOUR ( '', #1135 ) ;
#1177 = CARTESIAN_POINT ( 'NONE',  ( -1.000000000000000000, -0.1249999999999998890, 0.07600000000000001199 ) ) ;
#1178 =( NAMED_UNIT ( * ) PLANE_ANGLE_UNIT ( ) SI_UNIT ( $, .RADIAN. ) );
#1179 = ORIENTED_EDGE ( 'NONE', *, *, #1318, .F. ) ;
#1180 = DIRECTION ( 'NONE',  ( 0.7071067811865475727, -0.7071067811865475727, 0.000000000000000000 ) ) ;
#1181 = VERTEX_POINT ( 'NONE', #1944 ) ;
#1182 = DIRECTION ( 'NONE',  ( 1.000000000000000000, 0.000000000000000000, -1.807003620809172689E-14 ) ) ;
#1183 = FILL_AREA_STYLE ('',( #3058 ) ) ;
#1184 =( LENGTH_UNIT ( ) NAMED_UNIT ( * ) SI_UNIT ( .MILLI., .METRE. ) );
#1185 = ORIENTED_EDGE ( 'NONE', *, *, #1965, .F. ) ;
#1186 = PRESENTATION_STYLE_ASSIGNMENT (( #1228 ) ) ;
#1187 =( NAMED_UNIT ( * ) SI_UNIT ( $, .STERADIAN. ) SOLID_ANGLE_UNIT ( ) );
#1188 = SURFACE_SIDE_STYLE ('',( #2703 ) ) ;
#1189 = CARTESIAN_POINT ( 'NONE',  ( -0.9700000000000000844, -0.7500000000000002220, 0.4449999999999999512 ) ) ;
#1190 = COLOUR_RGB ( '',0.2862745098039215508, 0.2862745098039215508, 0.2862745098039215508 ) ;
#1191 = EDGE_CURVE ( 'NONE', #61, #2741, #2661, .T. ) ;
#1192 = VECTOR ( 'NONE', #2312, 1000.000000000000000 ) ;
#1193 = STYLED_ITEM ( 'NONE', ( #2076 ), #243 ) ;
#1194 =( LENGTH_UNIT ( ) NAMED_UNIT ( * ) SI_UNIT ( .MILLI., .METRE. ) );
#1195 = ORIENTED_EDGE ( 'NONE', *, *, #3310, .T. ) ;
#1196 = FILL_AREA_STYLE ('',( #2910 ) ) ;
#1197 =( NAMED_UNIT ( * ) SI_UNIT ( $, .STERADIAN. ) SOLID_ANGLE_UNIT ( ) );
#1198 =( GEOMETRIC_REPRESENTATION_CONTEXT ( 3 ) GLOBAL_UNCERTAINTY_ASSIGNED_CONTEXT ( ( #1662 ) ) GLOBAL_UNIT_ASSIGNED_CONTEXT ( ( #2416, #1621, #1108 ) ) REPRESENTATION_CONTEXT ( 'NONE', 'WORKASPACE' ) );
#1199 = PRESENTATION_LAYER_ASSIGNMENT (  '', '', ( #1068 ) ) ;
#1200 = ORIENTED_EDGE ( 'NONE', *, *, #180, .T. ) ;
#1201 = SURFACE_SIDE_STYLE ('',( #1742 ) ) ;
#1202 =( LENGTH_UNIT ( ) NAMED_UNIT ( * ) SI_UNIT ( .MILLI., .METRE. ) );
#1203 =( GEOMETRIC_REPRESENTATION_CONTEXT ( 3 ) GLOBAL_UNCERTAINTY_ASSIGNED_CONTEXT ( ( #1577 ) ) GLOBAL_UNIT_ASSIGNED_CONTEXT ( ( #574, #1118, #1934 ) ) REPRESENTATION_CONTEXT ( 'NONE', 'WORKASPACE' ) );
#1204 = PRESENTATION_LAYER_ASSIGNMENT (  '', '', ( #1708 ) ) ;
#1205 = AXIS2_PLACEMENT_3D ( 'NONE', #833, #2702, #3218 ) ;
#1206 = CARTESIAN_POINT ( 'NONE',  ( -0.6500000000000000222, 0.3750000000000001665, -0.02500000000000000139 ) ) ;
#1207 = VERTEX_POINT ( 'NONE', #2215 ) ;
#1208 = CIRCLE ( 'NONE', #2517, 0.05500000000000003497 ) ;
#1209 = PRESENTATION_LAYER_ASSIGNMENT (  '', '', ( #307 ) ) ;
#1210 = LINE ( 'NONE', #399, #1540 ) ;
#1211 = MECHANICAL_DESIGN_GEOMETRIC_PRESENTATION_REPRESENTATION (  '', ( #1493 ), #3289 ) ;
#1212 = PRESENTATION_STYLE_ASSIGNMENT (( #987 ) ) ;
#1213 = SURFACE_SIDE_STYLE ('',( #712 ) ) ;
#1214 = AXIS2_PLACEMENT_3D ( 'NONE', #181, #1257, #2100 ) ;
#1215 = COLOUR_RGB ( '',0.9607843137254902244, 0.9607843137254902244, 0.9607843137254902244 ) ;
#1216 =( GEOMETRIC_REPRESENTATION_CONTEXT ( 3 ) GLOBAL_UNCERTAINTY_ASSIGNED_CONTEXT ( ( #546 ) ) GLOBAL_UNIT_ASSIGNED_CONTEXT ( ( #1088, #1062, #560 ) ) REPRESENTATION_CONTEXT ( 'NONE', 'WORKASPACE' ) );
#1217 = SURFACE_STYLE_FILL_AREA ( #944 ) ;
#1218 = ORIENTED_EDGE ( 'NONE', *, *, #2573, .T. ) ;
#1219 = EDGE_CURVE ( 'NONE', #2660, #1439, #356, .T. ) ;
#1220 = CARTESIAN_POINT ( 'NONE',  ( 0.4000000000000001887, -0.5000000000000000000, -0.000000000000000000 ) ) ;
#1221 = STYLED_ITEM ( 'NONE', ( #1865 ), #2905 ) ;
#1222 = ORIENTED_EDGE ( 'NONE', *, *, #2116, .T. ) ;
#1223 = EDGE_CURVE ( 'NONE', #1312, #971, #20, .T. ) ;
#1224 =( NAMED_UNIT ( * ) SI_UNIT ( $, .STERADIAN. ) SOLID_ANGLE_UNIT ( ) );
#1225 = CARTESIAN_POINT ( 'NONE',  ( -0.6500000000000000222, 0.3750000000000001665, -0.02500000000000000139 ) ) ;
#1226 =( LENGTH_UNIT ( ) NAMED_UNIT ( * ) SI_UNIT ( .MILLI., .METRE. ) );
#1227 = SURFACE_STYLE_FILL_AREA ( #1745 ) ;
#1228 = SURFACE_STYLE_USAGE ( .BOTH. , #2753 ) ;
#1229 = DIRECTION ( 'NONE',  ( -0.7071067811865474617, -0.7071067811865474617, 0.000000000000000000 ) ) ;
#1230 = LINE ( 'NONE', #2020, #1778 ) ;
#1231 = CARTESIAN_POINT ( 'NONE',  ( -1.000000000000000000, 0.1250000000000001665, 0.000000000000000000 ) ) ;
#1232 = DIRECTION ( 'NONE',  ( -0.000000000000000000, -0.000000000000000000, -1.000000000000000000 ) ) ;
#1233 =( NAMED_UNIT ( * ) PLANE_ANGLE_UNIT ( ) SI_UNIT ( $, .RADIAN. ) );
#1234 = LINE ( 'NONE', #2277, #241 ) ;
#1235 = CARTESIAN_POINT ( 'NONE',  ( 1.000000000000000000, 0.1250000000000002220, 0.07600000009233554010 ) ) ;
#1236 = ORIENTED_EDGE ( 'NONE', *, *, #3164, .T. ) ;
#1237 = ADVANCED_FACE ( 'NONE', ( #1173 ), #2541, .T. ) ;
#1238 = SURFACE_SIDE_STYLE ('',( #3059 ) ) ;
#1239 = SURFACE_STYLE_FILL_AREA ( #1923 ) ;
#1240 = PLANE ( 'NONE',  #2343 ) ;
#1241 = PRESENTATION_STYLE_ASSIGNMENT (( #2526 ) ) ;
#1242 = SURFACE_STYLE_USAGE ( .BOTH. , #2812 ) ;
#1243 = ORIENTED_EDGE ( 'NONE', *, *, #1124, .T. ) ;
#1244 =( NAMED_UNIT ( * ) SI_UNIT ( $, .STERADIAN. ) SOLID_ANGLE_UNIT ( ) );
#1245 = CARTESIAN_POINT ( 'NONE',  ( 0.000000000000000000, 0.000000000000000000, 0.01000000000000000021 ) ) ;
#1246 = VERTEX_POINT ( 'NONE', #139 ) ;
#1247 = SURFACE_SIDE_STYLE ('',( #176 ) ) ;
#1248 = FACE_OUTER_BOUND ( 'NONE', #1279, .T. ) ;
#1249 = CLOSED_SHELL ( 'NONE', ( #2364, #778, #657, #1710, #2405, #1032 ) ) ;
#1250 = CARTESIAN_POINT ( 'NONE',  ( -0.6500000000000000222, -0.1249999999999998335, 0.07599999997864870238 ) ) ;
#1251 = ORIENTED_EDGE ( 'NONE', *, *, #400, .T. ) ;
#1252 = PRESENTATION_LAYER_ASSIGNMENT (  '', '', ( #1011 ) ) ;
#1253 = FILL_AREA_STYLE ('',( #1321 ) ) ;
#1254 = VECTOR ( 'NONE', #2059, 1000.000000000000000 ) ;
#1255 = COLOUR_RGB ( '',0.2862745098039215508, 0.2862745098039215508, 0.2862745098039215508 ) ;
#1256 = VECTOR ( 'NONE', #2327, 1000.000000000000000 ) ;
#1257 = DIRECTION ( 'NONE',  ( 1.548860246407863336E-16, -1.000000000000000000, 0.000000000000000000 ) ) ;
#1258 = EDGE_CURVE ( 'NONE', #187, #1181, #2073, .T. ) ;
#1259 =( GEOMETRIC_REPRESENTATION_CONTEXT ( 3 ) GLOBAL_UNCERTAINTY_ASSIGNED_CONTEXT ( ( #231 ) ) GLOBAL_UNIT_ASSIGNED_CONTEXT ( ( #3258, #2463, #2221 ) ) REPRESENTATION_CONTEXT ( 'NONE', 'WORKASPACE' ) );
#1260 =( GEOMETRIC_REPRESENTATION_CONTEXT ( 3 ) GLOBAL_UNCERTAINTY_ASSIGNED_CONTEXT ( ( #89 ) ) GLOBAL_UNIT_ASSIGNED_CONTEXT ( ( #628, #2512, #2268 ) ) REPRESENTATION_CONTEXT ( 'NONE', 'WORKASPACE' ) );
#1261 =( GEOMETRIC_REPRESENTATION_CONTEXT ( 3 ) GLOBAL_UNCERTAINTY_ASSIGNED_CONTEXT ( ( #1812 ) ) GLOBAL_UNIT_ASSIGNED_CONTEXT ( ( #1079, #1332, #2374 ) ) REPRESENTATION_CONTEXT ( 'NONE', 'WORKASPACE' ) );
#1262 = SURFACE_STYLE_USAGE ( .BOTH. , #967 ) ;
#1263 = EDGE_CURVE ( 'NONE', #1087, #477, #1210, .T. ) ;
#1264 = DIRECTION ( 'NONE',  ( -0.000000000000000000, -0.000000000000000000, 1.000000000000000000 ) ) ;
#1265 = ORIENTED_EDGE ( 'NONE', *, *, #1151, .T. ) ;
#1266 =( GEOMETRIC_REPRESENTATION_CONTEXT ( 3 ) GLOBAL_UNCERTAINTY_ASSIGNED_CONTEXT ( ( #1329 ) ) GLOBAL_UNIT_ASSIGNED_CONTEXT ( ( #643, #3015, #1719 ) ) REPRESENTATION_CONTEXT ( 'NONE', 'WORKASPACE' ) );
#1267 = LINE ( 'NONE', #2828, #1132 ) ;
#1268 =( LENGTH_UNIT ( ) NAMED_UNIT ( * ) SI_UNIT ( .MILLI., .METRE. ) );
#1269 = LINE ( 'NONE', #2580, #512 ) ;
#1270 = AXIS2_PLACEMENT_3D ( 'NONE', #1829, #1860, #2888 ) ;
#1271 = PRESENTATION_STYLE_ASSIGNMENT (( #3044 ) ) ;
#1272 = ORIENTED_EDGE ( 'NONE', *, *, #1539, .F. ) ;
#1273 = VECTOR ( 'NONE', #429, 1000.000000000000000 ) ;
#1274 = SURFACE_STYLE_USAGE ( .BOTH. , #1302 ) ;
#1275 = DIRECTION ( 'NONE',  ( -0.000000000000000000, -1.000000000000000000, -0.000000000000000000 ) ) ;
#1276 = EDGE_CURVE ( 'NONE', #1181, #3101, #3298, .T. ) ;
#1277 = FILL_AREA_STYLE ('',( #1795 ) ) ;
#1278 = CARTESIAN_POINT ( 'NONE',  ( -1.000000000000000000, -0.7500000000000002220, 0.4449999999999999512 ) ) ;
#1279 = EDGE_LOOP ( 'NONE', ( #789, #1346, #1907, #1272 ) ) ;
#1280 = ADVANCED_FACE ( 'NONE', ( #1718 ), #1240, .F. ) ;
#1281 = PLANE ( 'NONE',  #1649 ) ;
#1282 = FILL_AREA_STYLE ('',( #536 ) ) ;
#1283 = ORIENTED_EDGE ( 'NONE', *, *, #627, .F. ) ;
#1284 = LINE ( 'NONE', #2325, #94 ) ;
#1285 = ORIENTED_EDGE ( 'NONE', *, *, #1920, .T. ) ;
#1286 = CARTESIAN_POINT ( 'NONE',  ( 0.6500000000000000222, 0.1250000000000000555, 0.07600000014917895896 ) ) ;
#1287 = LINE ( 'NONE', #2329, #1858 ) ;
#1288 = DIRECTION ( 'NONE',  ( -1.000000000000000000, 0.000000000000000000, 0.000000000000000000 ) ) ;
#1289 = VERTEX_POINT ( 'NONE', #1828 ) ;
#1290 = CARTESIAN_POINT ( 'NONE',  ( 0.000000000000000000, 0.000000000000000000, 0.07600000000000001199 ) ) ;
#1291 =( NAMED_UNIT ( * ) SI_UNIT ( $, .STERADIAN. ) SOLID_ANGLE_UNIT ( ) );
#1292 = ORIENTED_EDGE ( 'NONE', *, *, #848, .F. ) ;
#1293 = FILL_AREA_STYLE_COLOUR ( '', #2213 ) ;
#1294 = CARTESIAN_POINT ( 'NONE',  ( 0.6500000000000000222, -0.1250000000000000000, 0.07600000000000001199 ) ) ;
#1295 = EDGE_CURVE ( 'NONE', #1172, #3358, #659, .T. ) ;
#1296 =( NAMED_UNIT ( * ) PLANE_ANGLE_UNIT ( ) SI_UNIT ( $, .RADIAN. ) );
#1297 = ORIENTED_EDGE ( 'NONE', *, *, #2340, .F. ) ;
#1298 = DIRECTION ( 'NONE',  ( -1.000000000000000000, -4.646580739223590009E-16, 0.000000000000000000 ) ) ;
#1299 = CARTESIAN_POINT ( 'NONE',  ( -0.1499999999999998557, 0.5000000000000000000, 0.000000000000000000 ) ) ;
#1300 = PRESENTATION_LAYER_ASSIGNMENT (  '', '', ( #2127 ) ) ;
#1301 = AXIS2_PLACEMENT_3D ( 'NONE', #997, #3404, #2869 ) ;
#1302 = SURFACE_SIDE_STYLE ('',( #197 ) ) ;
#1303 = DIRECTION ( 'NONE',  ( 0.000000000000000000, 0.000000000000000000, 1.000000000000000000 ) ) ;
#1304 = PRESENTATION_STYLE_ASSIGNMENT (( #763 ) ) ;
#1305 =( GEOMETRIC_REPRESENTATION_CONTEXT ( 3 ) GLOBAL_UNCERTAINTY_ASSIGNED_CONTEXT ( ( #557 ) ) GLOBAL_UNIT_ASSIGNED_CONTEXT ( ( #3183, #1356, #2659 ) ) REPRESENTATION_CONTEXT ( 'NONE', 'WORKASPACE' ) );
#1306 = PRESENTATION_LAYER_ASSIGNMENT (  '', '', ( #3327 ) ) ;
#1307 =( LENGTH_UNIT ( ) NAMED_UNIT ( * ) SI_UNIT ( .MILLI., .METRE. ) );
#1308 = VECTOR ( 'NONE', #1987, 1000.000000000000000 ) ;
#1309 = VECTOR ( 'NONE', #2112, 1000.000000000000000 ) ;
#1310 = FILL_AREA_STYLE_COLOUR ( '', #2698 ) ;
#1311 = FACE_OUTER_BOUND ( 'NONE', #1968, .T. ) ;
#1312 = VERTEX_POINT ( 'NONE', #1473 ) ;
#1313 =( LENGTH_UNIT ( ) NAMED_UNIT ( * ) SI_UNIT ( .MILLI., .METRE. ) );
#1314 =( NAMED_UNIT ( * ) SI_UNIT ( $, .STERADIAN. ) SOLID_ANGLE_UNIT ( ) );
#1315 =( NAMED_UNIT ( * ) PLANE_ANGLE_UNIT ( ) SI_UNIT ( $, .RADIAN. ) );
#1316 = UNCERTAINTY_MEASURE_WITH_UNIT (LENGTH_MEASURE( 1.000000000000000082E-05 ), #2754, 'distance_accuracy_value', 'NONE');
#1317 = CARTESIAN_POINT ( 'NONE',  ( 0.6500000000000000222, -0.1250000000000000000, -0.02500000000000000139 ) ) ;
#1318 = EDGE_CURVE ( 'NONE', #61, #1530, #1441, .T. ) ;
#1319 = EDGE_LOOP ( 'NONE', ( #3176, #148, #1502, #3320, #1408, #2746, #3213, #591, #2011, #2493, #2813, #2645 ) ) ;
#1320 = AXIS2_PLACEMENT_3D ( 'NONE', #1643, #304, #1694 ) ;
#1321 = FILL_AREA_STYLE_COLOUR ( '', #1705 ) ;
#1322 = DIRECTION ( 'NONE',  ( -0.000000000000000000, -0.000000000000000000, 1.000000000000000000 ) ) ;
#1323 = EDGE_CURVE ( 'NONE', #3221, #893, #415, .T. ) ;
#1324 = CARTESIAN_POINT ( 'NONE',  ( 0.6500000000000000222, -0.1250000000000000000, -0.02500000000000000139 ) ) ;
#1325 = FACE_OUTER_BOUND ( 'NONE', #218, .T. ) ;
#1326 = CARTESIAN_POINT ( 'NONE',  ( 0.9699999999999995293, 0.7199999999999998623, 0.4749999999999999778 ) ) ;
#1327 = SURFACE_STYLE_USAGE ( .BOTH. , #2912 ) ;
#1328 = VERTEX_POINT ( 'NONE', #1348 ) ;
#1329 = UNCERTAINTY_MEASURE_WITH_UNIT (LENGTH_MEASURE( 1.000000000000000082E-05 ), #643, 'distance_accuracy_value', 'NONE');
#1330 =( LENGTH_UNIT ( ) NAMED_UNIT ( * ) SI_UNIT ( .MILLI., .METRE. ) );
#1331 =( NAMED_UNIT ( * ) PLANE_ANGLE_UNIT ( ) SI_UNIT ( $, .RADIAN. ) );
#1332 =( NAMED_UNIT ( * ) PLANE_ANGLE_UNIT ( ) SI_UNIT ( $, .RADIAN. ) );
#1333 = ORIENTED_EDGE ( 'NONE', *, *, #1734, .T. ) ;
#1334 = DIRECTION ( 'NONE',  ( 0.000000000000000000, 0.000000000000000000, -1.000000000000000000 ) ) ;
#1335 = FILL_AREA_STYLE ('',( #264 ) ) ;
#1336 = ORIENTED_EDGE ( 'NONE', *, *, #1946, .F. ) ;
#1337 =( NAMED_UNIT ( * ) PLANE_ANGLE_UNIT ( ) SI_UNIT ( $, .RADIAN. ) );
#1338 = EDGE_CURVE ( 'NONE', #754, #506, #2113, .T. ) ;
#1339 = PRESENTATION_STYLE_ASSIGNMENT (( #2382 ) ) ;
#1340 = FILL_AREA_STYLE ('',( #2105 ) ) ;
#1341 = CARTESIAN_POINT ( 'NONE',  ( 1.000000000000000000, -0.1250000000000001388, 0.07600000000000001199 ) ) ;
#1342 = VERTEX_POINT ( 'NONE', #3197 ) ;
#1343 = FILL_AREA_STYLE_COLOUR ( '', #2240 ) ;
#1344 = SURFACE_SIDE_STYLE ('',( #569 ) ) ;
#1345 =( NAMED_UNIT ( * ) SI_UNIT ( $, .STERADIAN. ) SOLID_ANGLE_UNIT ( ) );
#1346 = ORIENTED_EDGE ( 'NONE', *, *, #143, .T. ) ;
#1347 = DIRECTION ( 'NONE',  ( 0.000000000000000000, 1.000000000000000000, 0.000000000000000000 ) ) ;
#1348 = CARTESIAN_POINT ( 'NONE',  ( -0.3999999999999998557, 0.2500000000000000000, 0.01000000000000000021 ) ) ;
#1349 = ORIENTED_EDGE ( 'NONE', *, *, #1219, .F. ) ;
#1350 = SURFACE_STYLE_FILL_AREA ( #1196 ) ;
#1351 = MECHANICAL_DESIGN_GEOMETRIC_PRESENTATION_REPRESENTATION (  '', ( #566 ), #3008 ) ;
#1352 =( NAMED_UNIT ( * ) PLANE_ANGLE_UNIT ( ) SI_UNIT ( $, .RADIAN. ) );
#1353 = EDGE_CURVE ( 'NONE', #3056, #2904, #2150, .T. ) ;
#1354 = PRESENTATION_STYLE_ASSIGNMENT (( #2189 ) ) ;
#1355 = VECTOR ( 'NONE', #2193, 1000.000000000000000 ) ;
#1356 =( NAMED_UNIT ( * ) PLANE_ANGLE_UNIT ( ) SI_UNIT ( $, .RADIAN. ) );
#1357 = COLOUR_RGB ( '',0.8039215686274510109, 0.8039215686274510109, 0.8039215686274510109 ) ;
#1358 = EDGE_LOOP ( 'NONE', ( #811, #130, #391, #2385 ) ) ;
#1359 =( GEOMETRIC_REPRESENTATION_CONTEXT ( 3 ) GLOBAL_UNCERTAINTY_ASSIGNED_CONTEXT ( ( #2082 ) ) GLOBAL_UNIT_ASSIGNED_CONTEXT ( ( #2943, #3024, #1970 ) ) REPRESENTATION_CONTEXT ( 'NONE', 'WORKASPACE' ) );
#1360 = CARTESIAN_POINT ( 'NONE',  ( -1.000000000000000000, -0.1249999999999998890, 0.000000000000000000 ) ) ;
#1361 = DIRECTION ( 'NONE',  ( 0.000000000000000000, -0.000000000000000000, 1.000000000000000000 ) ) ;
#1362 = EDGE_CURVE ( 'NONE', #1342, #1207, #1916, .T. ) ;
#1363 = DIRECTION ( 'NONE',  ( 0.000000000000000000, 1.000000000000000000, 0.000000000000000000 ) ) ;
#1364 = LINE ( 'NONE', #2408, #767 ) ;
#1365 = PRESENTATION_LAYER_ASSIGNMENT (  '', '', ( #745 ) ) ;
#1366 = VECTOR ( 'NONE', #1347, 1000.000000000000000 ) ;
#1367 = UNCERTAINTY_MEASURE_WITH_UNIT (LENGTH_MEASURE( 1.000000000000000082E-05 ), #347, 'distance_accuracy_value', 'NONE');
#1368 = VERTEX_POINT ( 'NONE', #1299 ) ;
#1369 = SURFACE_SIDE_STYLE ('',( #2166 ) ) ;
#1370 = STYLED_ITEM ( 'NONE', ( #2841 ), #3048 ) ;
#1371 = UNCERTAINTY_MEASURE_WITH_UNIT (LENGTH_MEASURE( 1.000000000000000082E-05 ), #111, 'distance_accuracy_value', 'NONE');
#1372 = AXIS2_PLACEMENT_3D ( 'NONE', #1566, #2587, #3201 ) ;
#1373 = STYLED_ITEM ( 'NONE', ( #1432 ), #3123 ) ;
#1374 = DIRECTION ( 'NONE',  ( 0.000000000000000000, -1.000000000000000000, 0.000000000000000000 ) ) ;
#1375 = VERTEX_POINT ( 'NONE', #2126 ) ;
#1376 = CARTESIAN_POINT ( 'NONE',  ( 0.6500000000000000222, 0.1250000000000000555, -0.02500000000000000139 ) ) ;
#1377 =( GEOMETRIC_REPRESENTATION_CONTEXT ( 3 ) GLOBAL_UNCERTAINTY_ASSIGNED_CONTEXT ( ( #2133 ) ) GLOBAL_UNIT_ASSIGNED_CONTEXT ( ( #2, #791, #530 ) ) REPRESENTATION_CONTEXT ( 'NONE', 'WORKASPACE' ) );
#1378 = FILL_AREA_STYLE_COLOUR ( '', #741 ) ;
#1379 = AXIS2_PLACEMENT_3D ( 'NONE', #396, #2280, #2236 ) ;
#1380 = MECHANICAL_DESIGN_GEOMETRIC_PRESENTATION_REPRESENTATION (  '', ( #1666 ), #2465 ) ;
#1381 = COLOUR_RGB ( '',0.2862745098039215508, 0.2862745098039215508, 0.2862745098039215508 ) ;
#1382 = FILL_AREA_STYLE ('',( #2727 ) ) ;
#1383 = VECTOR ( 'NONE', #946, 1000.000000000000000 ) ;
#1384 = FACE_OUTER_BOUND ( 'NONE', #3157, .T. ) ;
#1385 = EDGE_LOOP ( 'NONE', ( #2267, #897, #2254, #2021 ) ) ;
#1386 = EDGE_CURVE ( 'NONE', #971, #3303, #1899, .T. ) ;
#1387 = VECTOR ( 'NONE', #692, 1000.000000000000000 ) ;
#1388 = LINE ( 'NONE', #332, #1536 ) ;
#1389 = FILL_AREA_STYLE_COLOUR ( '', #1492 ) ;
#1390 = DIRECTION ( 'NONE',  ( -1.000000000000000000, -4.646580739223590009E-16, 0.000000000000000000 ) ) ;
#1391 = FILL_AREA_STYLE ('',( #2685 ) ) ;
#1392 = EDGE_CURVE ( 'NONE', #70, #1368, #2635, .T. ) ;
#1393 = LINE ( 'NONE', #2197, #1547 ) ;
#1394 = VERTEX_POINT ( 'NONE', #3175 ) ;
#1395 = DIRECTION ( 'NONE',  ( 1.000000000000000000, 0.000000000000000000, 0.000000000000000000 ) ) ;
#1396 = PRESENTATION_STYLE_ASSIGNMENT (( #1123 ) ) ;
#1397 = ORIENTED_EDGE ( 'NONE', *, *, #1191, .F. ) ;
#1398 =( LENGTH_UNIT ( ) NAMED_UNIT ( * ) SI_UNIT ( .MILLI., .METRE. ) );
#1399 = CARTESIAN_POINT ( 'NONE',  ( 0.4000000000000001887, -0.5000000000000000000, -0.02500000000000000139 ) ) ;
#1400 = CARTESIAN_POINT ( 'NONE',  ( 1.000000000000000000, 0.7199999999999997513, 0.4749999999999999778 ) ) ;
#1401 = VERTEX_POINT ( 'NONE', #299 ) ;
#1402 = LINE ( 'NONE', #1360, #2944 ) ;
#1403 = DIRECTION ( 'NONE',  ( 0.000000000000000000, -1.000000000000000000, 0.000000000000000000 ) ) ;
#1404 =( NAMED_UNIT ( * ) SI_UNIT ( $, .STERADIAN. ) SOLID_ANGLE_UNIT ( ) );
#1405 = CARTESIAN_POINT ( 'NONE',  ( -0.6500000000000000222, 0.1250000000000000555, 0.07600000000000001199 ) ) ;
#1406 = CARTESIAN_POINT ( 'NONE',  ( 0.4000000000000001887, 0.5000000000000000000, -0.02500000000000000139 ) ) ;
#1407 = UNCERTAINTY_MEASURE_WITH_UNIT (LENGTH_MEASURE( 1.000000000000000082E-05 ), #508, 'distance_accuracy_value', 'NONE');
#1408 = ORIENTED_EDGE ( 'NONE', *, *, #1584, .T. ) ;
#1409 = EDGE_CURVE ( 'NONE', #2956, #3066, #3211, .T. ) ;
#1410 = CARTESIAN_POINT ( 'NONE',  ( 0.000000000000000000, -0.7200000000000003064, 0.4449999999999999512 ) ) ;
#1411 = PLANE ( 'NONE',  #2951 ) ;
#1412 = EDGE_LOOP ( 'NONE', ( #2601, #2235, #2118, #1622 ) ) ;
#1413 = DIRECTION ( 'NONE',  ( 0.000000000000000000, 0.000000000000000000, 1.000000000000000000 ) ) ;
#1414 = UNCERTAINTY_MEASURE_WITH_UNIT (LENGTH_MEASURE( 1.000000000000000082E-05 ), #2774, 'distance_accuracy_value', 'NONE');
#1415 = DIRECTION ( 'NONE',  ( 1.000000000000000000, 0.000000000000000000, 0.000000000000000000 ) ) ;
#1416 = FILL_AREA_STYLE_COLOUR ( '', #3022 ) ;
#1417 = EDGE_LOOP ( 'NONE', ( #1218, #380, #255, #626 ) ) ;
#1418 = FILL_AREA_STYLE_COLOUR ( '', #1255 ) ;
#1419 =( GEOMETRIC_REPRESENTATION_CONTEXT ( 3 ) GLOBAL_UNCERTAINTY_ASSIGNED_CONTEXT ( ( #2207 ) ) GLOBAL_UNIT_ASSIGNED_CONTEXT ( ( #732, #2805, #3071 ) ) REPRESENTATION_CONTEXT ( 'NONE', 'WORKASPACE' ) );
#1420 = CARTESIAN_POINT ( 'NONE',  ( 1.000000000000000000, -0.3749999999999997780, 0.07600000000000001199 ) ) ;
#1421 =( NAMED_UNIT ( * ) SI_UNIT ( $, .STERADIAN. ) SOLID_ANGLE_UNIT ( ) );
#1422 = DIRECTION ( 'NONE',  ( 1.000000000000000000, -0.000000000000000000, -0.000000000000000000 ) ) ;
#1423 = AXIS2_PLACEMENT_3D ( 'NONE', #1290, #1580, #2119 ) ;
#1424 = AXIS2_PLACEMENT_3D ( 'NONE', #2674, #327, #72 ) ;
#1425 = LINE ( 'NONE', #1981, #2139 ) ;
#1426 = ORIENTED_EDGE ( 'NONE', *, *, #764, .T. ) ;
#1427 = AXIS2_PLACEMENT_3D ( 'NONE', #2377, #1033, #247 ) ;
#1428 = ADVANCED_FACE ( 'NONE', ( #788 ), #525, .F. ) ;
#1429 = STYLED_ITEM ( 'NONE', ( #1893 ), #1710 ) ;
#1430 = EDGE_LOOP ( 'NONE', ( #1855, #3273 ) ) ;
#1431 = DIRECTION ( 'NONE',  ( -1.000000000000000000, 0.000000000000000000, -0.000000000000000000 ) ) ;
#1432 = PRESENTATION_STYLE_ASSIGNMENT (( #2154 ) ) ;
#1433 = AXIS2_PLACEMENT_3D ( 'NONE', #748, #1870, #2372 ) ;
#1434 = COLOUR_RGB ( '',0.2862745098039215508, 0.2862745098039215508, 0.2862745098039215508 ) ;
#1435 = EDGE_CURVE ( 'NONE', #1439, #980, #2651, .T. ) ;
#1436 = SURFACE_STYLE_FILL_AREA ( #1382 ) ;
#1437 = PRESENTATION_STYLE_ASSIGNMENT (( #365 ) ) ;
#1438 = MECHANICAL_DESIGN_GEOMETRIC_PRESENTATION_REPRESENTATION (  '', ( #2303 ), #431 ) ;
#1439 = VERTEX_POINT ( 'NONE', #2365 ) ;
#1440 = AXIS2_PLACEMENT_3D ( 'NONE', #761, #3158, #3143 ) ;
#1441 = LINE ( 'NONE', #2474, #2244 ) ;
#1442 = DIRECTION ( 'NONE',  ( -0.000000000000000000, 1.000000000000000000, -0.000000000000000000 ) ) ;
#1443 = VECTOR ( 'NONE', #2092, 1000.000000000000000 ) ;
#1444 = PRESENTATION_STYLE_ASSIGNMENT (( #1475 ) ) ;
#1445 = LINE ( 'NONE', #1177, #103 ) ;
#1446 =( LENGTH_UNIT ( ) NAMED_UNIT ( * ) SI_UNIT ( .MILLI., .METRE. ) );
#1447 = VECTOR ( 'NONE', #1931, 1000.000000000000000 ) ;
#1448 = FACE_OUTER_BOUND ( 'NONE', #599, .T. ) ;
#1449 = FILL_AREA_STYLE_COLOUR ( '', #2404 ) ;
#1450 = VERTEX_POINT ( 'NONE', #3402 ) ;
#1451 = LINE ( 'NONE', #1953, #189 ) ;
#1452 = ORIENTED_EDGE ( 'NONE', *, *, #796, .F. ) ;
#1453 = CARTESIAN_POINT ( 'NONE',  ( -0.6500000000000000222, 0.3750000000000001665, 0.07600000014917895896 ) ) ;
#1454 = SURFACE_SIDE_STYLE ('',( #170 ) ) ;
#1455 = FILL_AREA_STYLE ('',( #1972 ) ) ;
#1456 = ADVANCED_FACE ( 'NONE', ( #1880 ), #1048, .F. ) ;
#1457 = EDGE_LOOP ( 'NONE', ( #2395, #2887, #949, #1121 ) ) ;
#1458 =( NAMED_UNIT ( * ) PLANE_ANGLE_UNIT ( ) SI_UNIT ( $, .RADIAN. ) );
#1459 = CARTESIAN_POINT ( 'NONE',  ( -0.8050000000000000488, 0.6099999999999998757, 0.4649999999999999689 ) ) ;
#1460 = DIRECTION ( 'NONE',  ( -0.000000000000000000, -1.000000000000000000, -0.000000000000000000 ) ) ;
#1461 = CARTESIAN_POINT ( 'NONE',  ( 1.000000000000000000, -0.3749999999999997780, 0.07600000000000001199 ) ) ;
#1462 =( LENGTH_UNIT ( ) NAMED_UNIT ( * ) SI_UNIT ( .MILLI., .METRE. ) );
#1463 = ORIENTED_EDGE ( 'NONE', *, *, #910, .F. ) ;
#1464 = CARTESIAN_POINT ( 'NONE',  ( -1.000000000000000000, -0.1249999999999998890, 0.07600000000000001199 ) ) ;
#1465 =( LENGTH_UNIT ( ) NAMED_UNIT ( * ) SI_UNIT ( .MILLI., .METRE. ) );
#1466 = EDGE_LOOP ( 'NONE', ( #3353, #3115, #1570, #1888 ) ) ;
#1467 =( LENGTH_UNIT ( ) NAMED_UNIT ( * ) SI_UNIT ( .MILLI., .METRE. ) );
#1468 = DIRECTION ( 'NONE',  ( 0.000000000000000000, -0.000000000000000000, -1.000000000000000000 ) ) ;
#1469 = SURFACE_STYLE_USAGE ( .BOTH. , #2520 ) ;
#1470 =( NAMED_UNIT ( * ) PLANE_ANGLE_UNIT ( ) SI_UNIT ( $, .RADIAN. ) );
#1471 = ORIENTED_EDGE ( 'NONE', *, *, #1392, .F. ) ;
#1472 = EDGE_CURVE ( 'NONE', #300, #3307, #2234, .T. ) ;
#1473 = CARTESIAN_POINT ( 'NONE',  ( 1.000000000000000000, -0.1250000000000001388, 0.07600000000000001199 ) ) ;
#1474 = PLANE ( 'NONE',  #40 ) ;
#1475 = SURFACE_STYLE_USAGE ( .BOTH. , #1188 ) ;
#1476 = CLOSED_SHELL ( 'NONE', ( #968, #2282, #3046, #894, #124, #1894 ) ) ;
#1477 = EDGE_CURVE ( 'NONE', #2795, #338, #913, .T. ) ;
#1478 = AXIS2_PLACEMENT_3D ( 'NONE', #1583, #193, #1800 ) ;
#1479 = CARTESIAN_POINT ( 'NONE',  ( -0.8600000000000000977, 0.6099999999999998757, 0.4749999999999999778 ) ) ;
#1480 = MECHANICAL_DESIGN_GEOMETRIC_PRESENTATION_REPRESENTATION (  '', ( #184 ), #855 ) ;
#1481 = LINE ( 'NONE', #729, #2078 ) ;
#1482 = ORIENTED_EDGE ( 'NONE', *, *, #2507, .F. ) ;
#1483 = FACE_BOUND ( 'NONE', #957, .T. ) ;
#1484 = MECHANICAL_DESIGN_GEOMETRIC_PRESENTATION_REPRESENTATION (  '', ( #3172 ), #1924 ) ;
#1485 = CIRCLE ( 'NONE', #1925, 0.02999999999999997113 ) ;
#1486 = DIRECTION ( 'NONE',  ( 0.000000000000000000, 1.000000000000000000, 0.000000000000000000 ) ) ;
#1487 =( GEOMETRIC_REPRESENTATION_CONTEXT ( 3 ) GLOBAL_UNCERTAINTY_ASSIGNED_CONTEXT ( ( #2941 ) ) GLOBAL_UNIT_ASSIGNED_CONTEXT ( ( #159, #759, #1766 ) ) REPRESENTATION_CONTEXT ( 'NONE', 'WORKASPACE' ) );
#1488 = ORIENTED_EDGE ( 'NONE', *, *, #2684, .F. ) ;
#1489 = DIRECTION ( 'NONE',  ( 1.000000000000000000, 0.000000000000000000, 0.000000000000000000 ) ) ;
#1490 = CARTESIAN_POINT ( 'NONE',  ( 1.000000000000000000, -0.1250000000000001388, -0.02500000000000000139 ) ) ;
#1491 = AXIS2_PLACEMENT_3D ( 'NONE', #2146, #9, #2608 ) ;
#1492 = COLOUR_RGB ( '',0.2862745098039215508, 0.2862745098039215508, 0.2862745098039215508 ) ;
#1493 = STYLED_ITEM ( 'NONE', ( #1304 ), #3088 ) ;
#1494 =( GEOMETRIC_REPRESENTATION_CONTEXT ( 3 ) GLOBAL_UNCERTAINTY_ASSIGNED_CONTEXT ( ( #1615 ) ) GLOBAL_UNIT_ASSIGNED_CONTEXT ( ( #1307, #510, #1846 ) ) REPRESENTATION_CONTEXT ( 'NONE', 'WORKASPACE' ) );
#1495 = CARTESIAN_POINT ( 'NONE',  ( 1.000000000000000000, -0.1250000000000001388, 0.07600000000000001199 ) ) ;
#1496 = CARTESIAN_POINT ( 'NONE',  ( -0.8600000000000000977, 0.6099999999999998757, 0.4749999999999999778 ) ) ;
#1497 = PRESENTATION_LAYER_ASSIGNMENT (  '', '', ( #3076 ) ) ;
#1498 =( LENGTH_UNIT ( ) NAMED_UNIT ( * ) SI_UNIT ( .MILLI., .METRE. ) );
#1499 = MECHANICAL_DESIGN_GEOMETRIC_PRESENTATION_REPRESENTATION (  '', ( #596 ), #486 ) ;
#1500 = DIRECTION ( 'NONE',  ( -0.000000000000000000, -0.000000000000000000, -1.000000000000000000 ) ) ;
#1501 = DIRECTION ( 'NONE',  ( -1.000000000000000000, 0.000000000000000000, 0.000000000000000000 ) ) ;
#1502 = ORIENTED_EDGE ( 'NONE', *, *, #1106, .T. ) ;
#1503 = CYLINDRICAL_SURFACE ( 'NONE', #933, 0.02999999999999997113 ) ;
#1504 = DIRECTION ( 'NONE',  ( 0.000000000000000000, 0.000000000000000000, -1.000000000000000000 ) ) ;
#1505 = ADVANCED_FACE ( 'NONE', ( #1709 ), #1411, .F. ) ;
#1506 = VECTOR ( 'NONE', #1076, 1000.000000000000000 ) ;
#1507 = CARTESIAN_POINT ( 'NONE',  ( -1.000000000000000000, 0.7499999999999997780, 0.4749999999999999778 ) ) ;
#1508 =( GEOMETRIC_REPRESENTATION_CONTEXT ( 3 ) GLOBAL_UNCERTAINTY_ASSIGNED_CONTEXT ( ( #3398 ) ) GLOBAL_UNIT_ASSIGNED_CONTEXT ( ( #2621, #2911, #1629 ) ) REPRESENTATION_CONTEXT ( 'NONE', 'WORKASPACE' ) );
#1509 = EDGE_LOOP ( 'NONE', ( #1651, #1349 ) ) ;
#1510 = FACE_OUTER_BOUND ( 'NONE', #39, .T. ) ;
#1511 = SURFACE_STYLE_USAGE ( .BOTH. , #3309 ) ;
#1512 = CARTESIAN_POINT ( 'NONE',  ( 0.6500000000000000222, 0.3750000000000000000, -0.02500000000000000139 ) ) ;
#1513 = FILL_AREA_STYLE ('',( #710 ) ) ;
#1514 = CARTESIAN_POINT ( 'NONE',  ( 0.000000000000000000, 0.000000000000000000, 0.07600000000000001199 ) ) ;
#1515 = SURFACE_STYLE_FILL_AREA ( #1391 ) ;
#1516 = FILL_AREA_STYLE_COLOUR ( '', #233 ) ;
#1517 = ORIENTED_EDGE ( 'NONE', *, *, #2488, .F. ) ;
#1518 = CARTESIAN_POINT ( 'NONE',  ( -0.9700000000000000844, -0.7200000000000003064, 0.4749999999999999778 ) ) ;
#1519 = ORIENTED_EDGE ( 'NONE', *, *, #2721, .T. ) ;
#1520 = CARTESIAN_POINT ( 'NONE',  ( 1.000000000000000000, -0.1250000000000001388, -0.02500000000000000139 ) ) ;
#1521 = SURFACE_STYLE_USAGE ( .BOTH. , #1007 ) ;
#1522 = LINE ( 'NONE', #2294, #35 ) ;
#1523 = EDGE_CURVE ( 'NONE', #3033, #1619, #934, .T. ) ;
#1524 = ORIENTED_EDGE ( 'NONE', *, *, #2788, .F. ) ;
#1525 = CARTESIAN_POINT ( 'NONE',  ( 0.4000000000000001887, -0.5000000000000000000, 0.01000000000000000021 ) ) ;
#1526 = ADVANCED_FACE ( 'NONE', ( #864 ), #959, .T. ) ;
#1527 = ORIENTED_EDGE ( 'NONE', *, *, #1386, .F. ) ;
#1528 = DIRECTION ( 'NONE',  ( -0.000000000000000000, -0.000000000000000000, -1.000000000000000000 ) ) ;
#1529 = FACE_OUTER_BOUND ( 'NONE', #311, .T. ) ;
#1530 = VERTEX_POINT ( 'NONE', #354 ) ;
#1531 = LINE ( 'NONE', #2558, #1034 ) ;
#1532 = SURFACE_STYLE_USAGE ( .BOTH. , #177 ) ;
#1533 = VECTOR ( 'NONE', #1390, 1000.000000000000000 ) ;
#1534 = CARTESIAN_POINT ( 'NONE',  ( 1.000000000000000000, -0.3749999999999997780, -0.02500000000000000139 ) ) ;
#1535 = VERTEX_POINT ( 'NONE', #2013 ) ;
#1536 = VECTOR ( 'NONE', #2406, 1000.000000000000000 ) ;
#1537 = DIRECTION ( 'NONE',  ( 1.000000000000000000, -3.872150616019658341E-16, 0.000000000000000000 ) ) ;
#1538 =( GEOMETRIC_REPRESENTATION_CONTEXT ( 3 ) GLOBAL_UNCERTAINTY_ASSIGNED_CONTEXT ( ( #1918 ) ) GLOBAL_UNIT_ASSIGNED_CONTEXT ( ( #6, #3255, #1721 ) ) REPRESENTATION_CONTEXT ( 'NONE', 'WORKASPACE' ) );
#1539 = EDGE_CURVE ( 'NONE', #2795, #1820, #1789, .T. ) ;
#1540 = VECTOR ( 'NONE', #922, 1000.000000000000000 ) ;
#1541 = VECTOR ( 'NONE', #1298, 1000.000000000000000 ) ;
#1542 = PLANE ( 'NONE',  #200 ) ;
#1543 = SURFACE_SIDE_STYLE ('',( #464 ) ) ;
#1544 = VECTOR ( 'NONE', #1843, 1000.000000000000000 ) ;
#1545 = COLOUR_RGB ( '',0.8039215686274510109, 0.8039215686274510109, 0.8039215686274510109 ) ;
#1546 = EDGE_CURVE ( 'NONE', #2478, #1375, #3337, .T. ) ;
#1547 = VECTOR ( 'NONE', #2181, 1000.000000000000000 ) ;
#1548 =( NAMED_UNIT ( * ) PLANE_ANGLE_UNIT ( ) SI_UNIT ( $, .RADIAN. ) );
#1549 = EDGE_LOOP ( 'NONE', ( #1236, #1964, #533, #3291 ) ) ;
#1550 = VECTOR ( 'NONE', #289, 1000.000000000000000 ) ;
#1551 = PRESENTATION_LAYER_ASSIGNMENT (  '', '', ( #3124 ) ) ;
#1552 = LINE ( 'NONE', #1159, #1550 ) ;
#1553 = STYLED_ITEM ( 'NONE', ( #1212 ), #2103 ) ;
#1554 = ORIENTED_EDGE ( 'NONE', *, *, #2433, .F. ) ;
#1555 = SURFACE_STYLE_USAGE ( .BOTH. , #1247 ) ;
#1556 = SURFACE_STYLE_FILL_AREA ( #1822 ) ;
#1557 =( GEOMETRIC_REPRESENTATION_CONTEXT ( 3 ) GLOBAL_UNCERTAINTY_ASSIGNED_CONTEXT ( ( #625 ) ) GLOBAL_UNIT_ASSIGNED_CONTEXT ( ( #1202, #950, #669 ) ) REPRESENTATION_CONTEXT ( 'NONE', 'WORKASPACE' ) );
#1558 =( GEOMETRIC_REPRESENTATION_CONTEXT ( 3 ) GLOBAL_UNCERTAINTY_ASSIGNED_CONTEXT ( ( #349 ) ) GLOBAL_UNIT_ASSIGNED_CONTEXT ( ( #2218, #2196, #1658 ) ) REPRESENTATION_CONTEXT ( 'NONE', 'WORKASPACE' ) );
#1559 = ORIENTED_EDGE ( 'NONE', *, *, #450, .F. ) ;
#1560 = MECHANICAL_DESIGN_GEOMETRIC_PRESENTATION_REPRESENTATION (  '', ( #2519 ), #1773 ) ;
#1561 = LINE ( 'NONE', #2868, #1541 ) ;
#1562 = VECTOR ( 'NONE', #24, 1000.000000000000000 ) ;
#1563 =( NAMED_UNIT ( * ) PLANE_ANGLE_UNIT ( ) SI_UNIT ( $, .RADIAN. ) );
#1564 = FILL_AREA_STYLE ('',( #198 ) ) ;
#1565 = FILL_AREA_STYLE ('',( #484 ) ) ;
#1566 = CARTESIAN_POINT ( 'NONE',  ( 0.000000000000000000, 0.5000000000000000000, 0.07600000000000001199 ) ) ;
#1567 = ADVANCED_FACE ( 'NONE', ( #408 ), #2029, .F. ) ;
#1568 = ORIENTED_EDGE ( 'NONE', *, *, #2069, .T. ) ;
#1569 = FILL_AREA_STYLE ('',( #237 ) ) ;
#1570 = ORIENTED_EDGE ( 'NONE', *, *, #109, .F. ) ;
#1571 = CARTESIAN_POINT ( 'NONE',  ( 0.6500000000000000222, 0.3750000000000000000, 0.07600000000000001199 ) ) ;
#1572 = PRESENTATION_STYLE_ASSIGNMENT (( #1824 ) ) ;
#1573 = LINE ( 'NONE', #3354, #2730 ) ;
#1574 = CARTESIAN_POINT ( 'NONE',  ( -0.6500000000000000222, -0.1249999999999998335, -0.02500000000000000139 ) ) ;
#1575 = DIRECTION ( 'NONE',  ( 1.000000000000000000, 0.000000000000000000, -0.000000000000000000 ) ) ;
#1576 =( NAMED_UNIT ( * ) PLANE_ANGLE_UNIT ( ) SI_UNIT ( $, .RADIAN. ) );
#1577 = UNCERTAINTY_MEASURE_WITH_UNIT (LENGTH_MEASURE( 1.000000000000000082E-05 ), #574, 'distance_accuracy_value', 'NONE');
#1578 = ORIENTED_EDGE ( 'NONE', *, *, #2633, .T. ) ;
#1579 = EDGE_CURVE ( 'NONE', #2378, #2883, #3306, .T. ) ;
#1580 = DIRECTION ( 'NONE',  ( 0.000000000000000000, 0.000000000000000000, 1.000000000000000000 ) ) ;
#1581 = DIRECTION ( 'NONE',  ( 0.000000000000000000, 0.000000000000000000, -1.000000000000000000 ) ) ;
#1582 = CARTESIAN_POINT ( 'NONE',  ( 1.000000000000000000, 0.3749999999999998890, 0.07600000000000001199 ) ) ;
#1583 = CARTESIAN_POINT ( 'NONE',  ( 1.000000000000000000, -0.3749999999999997780, -0.02500000000000000139 ) ) ;
#1584 = EDGE_CURVE ( 'NONE', #3221, #858, #1284, .T. ) ;
#1585 =( LENGTH_UNIT ( ) NAMED_UNIT ( * ) SI_UNIT ( .MILLI., .METRE. ) );
#1586 = ORIENTED_EDGE ( 'NONE', *, *, #2656, .F. ) ;
#1587 = CARTESIAN_POINT ( 'NONE',  ( -0.8050000000000000488, 0.6099999999999998757, 0.4749999999999999778 ) ) ;
#1588 = AXIS2_PLACEMENT_3D ( 'NONE', #2768, #2475, #1963 ) ;
#1589 = PRESENTATION_LAYER_ASSIGNMENT (  '', '', ( #28 ) ) ;
#1590 = CIRCLE ( 'NONE', #2250, 0.05500000000000003497 ) ;
#1591 = SURFACE_STYLE_USAGE ( .BOTH. , #1813 ) ;
#1592 = CARTESIAN_POINT ( 'NONE',  ( -0.6500000000000000222, -0.1249999999999998335, -0.02500000000000000139 ) ) ;
#1593 = ORIENTED_EDGE ( 'NONE', *, *, #3287, .F. ) ;
#1594 = AXIS2_PLACEMENT_3D ( 'NONE', #1507, #3055, #2581 ) ;
#1595 = SURFACE_SIDE_STYLE ('',( #2088 ) ) ;
#1596 = CARTESIAN_POINT ( 'NONE',  ( -0.9700000000000000844, -0.7200000000000003064, 0.4449999999999999512 ) ) ;
#1597 = SURFACE_SIDE_STYLE ('',( #2877 ) ) ;
#1598 = FILL_AREA_STYLE ('',( #823 ) ) ;
#1599 = VECTOR ( 'NONE', #345, 1000.000000000000114 ) ;
#1600 =( GEOMETRIC_REPRESENTATION_CONTEXT ( 3 ) GLOBAL_UNCERTAINTY_ASSIGNED_CONTEXT ( ( #2398 ) ) GLOBAL_UNIT_ASSIGNED_CONTEXT ( ( #500, #1576, #466 ) ) REPRESENTATION_CONTEXT ( 'NONE', 'WORKASPACE' ) );
#1601 = SURFACE_STYLE_FILL_AREA ( #2360 ) ;
#1602 = VERTEX_POINT ( 'NONE', #166 ) ;
#1603 = MECHANICAL_DESIGN_GEOMETRIC_PRESENTATION_REPRESENTATION (  '', ( #250 ), #755 ) ;
#1604 = EDGE_CURVE ( 'NONE', #3375, #1289, #2515, .T. ) ;
#1605 = SURFACE_STYLE_USAGE ( .BOTH. , #541 ) ;
#1606 = MECHANICAL_DESIGN_GEOMETRIC_PRESENTATION_REPRESENTATION (  '', ( #1878 ), #2688 ) ;
#1607 = PRESENTATION_LAYER_ASSIGNMENT (  '', '', ( #816 ) ) ;
#1608 = CARTESIAN_POINT ( 'NONE',  ( -0.8050000000000000488, 0.6099999999999998757, 0.4649999999999999689 ) ) ;
#1609 = AXIS2_PLACEMENT_3D ( 'NONE', #2130, #1883, #3227 ) ;
#1610 = ORIENTED_EDGE ( 'NONE', *, *, #202, .T. ) ;
#1611 = SURFACE_STYLE_FILL_AREA ( #1564 ) ;
#1612 = CARTESIAN_POINT ( 'NONE',  ( 0.4000000000000001887, 0.5000000000000000000, 0.000000000000000000 ) ) ;
#1613 = SURFACE_STYLE_FILL_AREA ( #1847 ) ;
#1614 = VERTEX_POINT ( 'NONE', #1220 ) ;
#1615 = UNCERTAINTY_MEASURE_WITH_UNIT (LENGTH_MEASURE( 1.000000000000000082E-05 ), #1307, 'distance_accuracy_value', 'NONE');
#1616 = PRESENTATION_STYLE_ASSIGNMENT (( #2321 ) ) ;
#1617 = SURFACE_SIDE_STYLE ('',( #275 ) ) ;
#1618 = FILL_AREA_STYLE_COLOUR ( '', #1020 ) ;
#1619 = VERTEX_POINT ( 'NONE', #1235 ) ;
#1620 = EDGE_CURVE ( 'NONE', #1125, #3221, #948, .T. ) ;
#1621 =( NAMED_UNIT ( * ) PLANE_ANGLE_UNIT ( ) SI_UNIT ( $, .RADIAN. ) );
#1622 = ORIENTED_EDGE ( 'NONE', *, *, #634, .F. ) ;
#1623 = DIRECTION ( 'NONE',  ( 1.000000000000000000, -0.000000000000000000, -0.000000000000000000 ) ) ;
#1624 =( LENGTH_UNIT ( ) NAMED_UNIT ( * ) SI_UNIT ( .MILLI., .METRE. ) );
#1625 =( LENGTH_UNIT ( ) NAMED_UNIT ( * ) SI_UNIT ( .MILLI., .METRE. ) );
#1626 = UNCERTAINTY_MEASURE_WITH_UNIT (LENGTH_MEASURE( 1.000000000000000082E-05 ), #2779, 'distance_accuracy_value', 'NONE');
#1627 = EDGE_CURVE ( 'NONE', #119, #1181, #2794, .T. ) ;
#1628 = CARTESIAN_POINT ( 'NONE',  ( 0.6500000000000000222, -0.1250000000000000000, 0.000000000000000000 ) ) ;
#1629 =( NAMED_UNIT ( * ) SI_UNIT ( $, .STERADIAN. ) SOLID_ANGLE_UNIT ( ) );
#1630 = DIRECTION ( 'NONE',  ( -1.000000000000000000, 0.000000000000000000, -0.000000000000000000 ) ) ;
#1631 = ORIENTED_EDGE ( 'NONE', *, *, #423, .T. ) ;
#1632 = CARTESIAN_POINT ( 'NONE',  ( 1.000000000000000000, -0.1250000000000001388, 0.07600000000000001199 ) ) ;
#1633 = LINE ( 'NONE', #2630, #2471 ) ;
#1634 = LINE ( 'NONE', #2179, #410 ) ;
#1635 = CARTESIAN_POINT ( 'NONE',  ( 0.4000000000000001887, 0.5000000000000000000, -0.02500000000000000139 ) ) ;
#1636 = ORIENTED_EDGE ( 'NONE', *, *, #520, .F. ) ;
#1637 = FILL_AREA_STYLE_COLOUR ( '', #1545 ) ;
#1638 = LINE ( 'NONE', #2988, #3295 ) ;
#1639 = PRESENTATION_STYLE_ASSIGNMENT (( #2615 ) ) ;
#1640 = ORIENTED_EDGE ( 'NONE', *, *, #588, .T. ) ;
#1641 = FILL_AREA_STYLE ('',( #1378 ) ) ;
#1642 =( GEOMETRIC_REPRESENTATION_CONTEXT ( 3 ) GLOBAL_UNCERTAINTY_ASSIGNED_CONTEXT ( ( #2153 ) ) GLOBAL_UNIT_ASSIGNED_CONTEXT ( ( #456, #3205, #63 ) ) REPRESENTATION_CONTEXT ( 'NONE', 'WORKASPACE' ) );
#1643 = CARTESIAN_POINT ( 'NONE',  ( -1.000000000000000000, -0.1249999999999998890, 0.07600000000000001199 ) ) ;
#1644 = EDGE_CURVE ( 'NONE', #1535, #658, #1779, .T. ) ;
#1645 = COLOUR_RGB ( '',0.8039215686274510109, 0.8039215686274510109, 0.8039215686274510109 ) ;
#1646 = UNCERTAINTY_MEASURE_WITH_UNIT (LENGTH_MEASURE( 1.000000000000000082E-05 ), #504, 'distance_accuracy_value', 'NONE');
#1647 = FACE_OUTER_BOUND ( 'NONE', #882, .T. ) ;
#1648 = EDGE_CURVE ( 'NONE', #1087, #3375, #1522, .T. ) ;
#1649 = AXIS2_PLACEMENT_3D ( 'NONE', #1653, #76, #874 ) ;
#1650 = VECTOR ( 'NONE', #3028, 1000.000000000000000 ) ;
#1651 = ORIENTED_EDGE ( 'NONE', *, *, #3083, .F. ) ;
#1652 = VECTOR ( 'NONE', #2924, 1000.000000000000000 ) ;
#1653 = CARTESIAN_POINT ( 'NONE',  ( 0.000000000000000000, 0.5000000000000000000, 0.07600000000000001199 ) ) ;
#1654 =( LENGTH_UNIT ( ) NAMED_UNIT ( * ) SI_UNIT ( .MILLI., .METRE. ) );
#1655 = SURFACE_STYLE_USAGE ( .BOTH. , #1344 ) ;
#1656 = LINE ( 'NONE', #112, #1447 ) ;
#1657 = AXIS2_PLACEMENT_3D ( 'NONE', #2971, #2709, #2939 ) ;
#1658 =( NAMED_UNIT ( * ) SI_UNIT ( $, .STERADIAN. ) SOLID_ANGLE_UNIT ( ) );
#1659 = UNCERTAINTY_MEASURE_WITH_UNIT (LENGTH_MEASURE( 1.000000000000000082E-05 ), #108, 'distance_accuracy_value', 'NONE');
#1660 = EDGE_LOOP ( 'NONE', ( #920, #2649, #617, #2222 ) ) ;
#1661 = VECTOR ( 'NONE', #903, 1000.000000000000000 ) ;
#1662 = UNCERTAINTY_MEASURE_WITH_UNIT (LENGTH_MEASURE( 1.000000000000000082E-05 ), #2416, 'distance_accuracy_value', 'NONE');
#1663 = DIRECTION ( 'NONE',  ( 1.000000000000000000, -3.872150616019658341E-16, -0.000000000000000000 ) ) ;
#1664 = CARTESIAN_POINT ( 'NONE',  ( 1.000000000000000000, 0.1250000000000002220, -0.02500000000000000139 ) ) ;
#1665 = ORIENTED_EDGE ( 'NONE', *, *, #2381, .T. ) ;
#1666 = STYLED_ITEM ( 'NONE', ( #2317 ), #2364 ) ;
#1667 = CARTESIAN_POINT ( 'NONE',  ( 1.000000000000000000, -0.3749999999999997780, 0.07600000000000001199 ) ) ;
#1668 = PRODUCT_DEFINITION_FORMATION_WITH_SPECIFIED_SOURCE ( 'ANY', '', #208, .NOT_KNOWN. ) ;
#1669 = STYLED_ITEM ( 'NONE', ( #2170 ), #2473 ) ;
#1670 = COLOUR_RGB ( '',0.2862745098039215508, 0.2862745098039215508, 0.2862745098039215508 ) ;
#1671 = LINE ( 'NONE', #1129, #251 ) ;
#1672 = DIRECTION ( 'NONE',  ( -1.000000000000000000, 0.000000000000000000, 0.000000000000000000 ) ) ;
#1673 = ORIENTED_EDGE ( 'NONE', *, *, #41, .F. ) ;
#1674 = EDGE_CURVE ( 'NONE', #2185, #2485, #178, .T. ) ;
#1675 = AXIS2_PLACEMENT_3D ( 'NONE', #2318, #792, #1288 ) ;
#1676 = DIRECTION ( 'NONE',  ( 1.000000000000000000, 0.000000000000000000, 0.000000000000000000 ) ) ;
#1677 =( NAMED_UNIT ( * ) PLANE_ANGLE_UNIT ( ) SI_UNIT ( $, .RADIAN. ) );
#1678 =( NAMED_UNIT ( * ) SI_UNIT ( $, .STERADIAN. ) SOLID_ANGLE_UNIT ( ) );
#1679 = ORIENTED_EDGE ( 'NONE', *, *, #219, .T. ) ;
#1680 = CARTESIAN_POINT ( 'NONE',  ( -0.3999999999999998557, 0.2500000000000000000, -0.02500000000000000139 ) ) ;
#1681 = ORIENTED_EDGE ( 'NONE', *, *, #520, .T. ) ;
#1682 = CARTESIAN_POINT ( 'NONE',  ( -0.8600000000000000977, 0.6099999999999998757, 0.4649999999999999689 ) ) ;
#1683 = DIRECTION ( 'NONE',  ( 0.000000000000000000, 0.000000000000000000, 1.000000000000000000 ) ) ;
#1684 = EDGE_LOOP ( 'NONE', ( #95, #1061, #1185, #1874 ) ) ;
#1685 = CARTESIAN_POINT ( 'NONE',  ( -0.9700000000000000844, 0.7499999999999997780, 0.000000000000000000 ) ) ;
#1686 = PRESENTATION_STYLE_ASSIGNMENT (( #2178 ) ) ;
#1687 = DIRECTION ( 'NONE',  ( -1.000000000000000000, 3.097720492815726673E-16, 0.000000000000000000 ) ) ;
#1688 = ADVANCED_FACE ( 'NONE', ( #26 ), #3170, .F. ) ;
#1689 = UNCERTAINTY_MEASURE_WITH_UNIT (LENGTH_MEASURE( 1.000000000000000082E-05 ), #601, 'distance_accuracy_value', 'NONE');
#1690 = ORIENTED_EDGE ( 'NONE', *, *, #842, .F. ) ;
#1691 = CARTESIAN_POINT ( 'NONE',  ( 0.9700000000000000844, 0.7199999999999998623, 0.4449999999999999512 ) ) ;
#1692 = EDGE_CURVE ( 'NONE', #2056, #2378, #1026, .T. ) ;
#1693 = VERTEX_POINT ( 'NONE', #2123 ) ;
#1694 = DIRECTION ( 'NONE',  ( -1.000000000000000000, -1.548860246407863336E-16, 0.000000000000000000 ) ) ;
#1695 = FACE_OUTER_BOUND ( 'NONE', #398, .T. ) ;
#1696 = FILL_AREA_STYLE ('',( #2978 ) ) ;
#1697 = ORIENTED_EDGE ( 'NONE', *, *, #2874, .F. ) ;
#1698 = DIRECTION ( 'NONE',  ( 0.000000000000000000, 0.000000000000000000, 1.000000000000000000 ) ) ;
#1699 = LINE ( 'NONE', #2683, #2514 ) ;
#1700 = VECTOR ( 'NONE', #2230, 1000.000000000000000 ) ;
#1701 =( GEOMETRIC_REPRESENTATION_CONTEXT ( 3 ) GLOBAL_UNCERTAINTY_ASSIGNED_CONTEXT ( ( #2419 ) ) GLOBAL_UNIT_ASSIGNED_CONTEXT ( ( #3345, #762, #1830 ) ) REPRESENTATION_CONTEXT ( 'NONE', 'WORKASPACE' ) );
#1702 = DIRECTION ( 'NONE',  ( -0.000000000000000000, -0.000000000000000000, -1.000000000000000000 ) ) ;
#1703 = CARTESIAN_POINT ( 'NONE',  ( -0.1499999999999998557, 0.5000000000000000000, 0.000000000000000000 ) ) ;
#1704 = VECTOR ( 'NONE', #1158, 1000.000000000000000 ) ;
#1705 = COLOUR_RGB ( '',0.8039215686274510109, 0.8039215686274510109, 0.8039215686274510109 ) ;
#1706 = ORIENTED_EDGE ( 'NONE', *, *, #2879, .F. ) ;
#1707 = AXIS2_PLACEMENT_3D ( 'NONE', #458, #3089, #721 ) ;
#1708 = STYLED_ITEM ( 'NONE', ( #2432 ), #657 ) ;
#1709 = FACE_OUTER_BOUND ( 'NONE', #1660, .T. ) ;
#1710 = ADVANCED_FACE ( 'NONE', ( #3191 ), #2920, .F. ) ;
#1711 = VERTEX_POINT ( 'NONE', #495 ) ;
#1712 = CARTESIAN_POINT ( 'NONE',  ( 1.000000000000000000, 0.3749999999999998890, -0.02500000000000000139 ) ) ;
#1713 = AXIS2_PLACEMENT_3D ( 'NONE', #1596, #2863, #3374 ) ;
#1714 = COLOUR_RGB ( '',0.8039215686274510109, 0.8039215686274510109, 0.8039215686274510109 ) ;
#1715 = SURFACE_STYLE_USAGE ( .BOTH. , #2006 ) ;
#1716 = AXIS2_PLACEMENT_3D ( 'NONE', #1743, #2016, #1468 ) ;
#1717 = ORIENTED_EDGE ( 'NONE', *, *, #1124, .F. ) ;
#1718 = FACE_OUTER_BOUND ( 'NONE', #1509, .T. ) ;
#1719 =( NAMED_UNIT ( * ) SI_UNIT ( $, .STERADIAN. ) SOLID_ANGLE_UNIT ( ) );
#1720 = VECTOR ( 'NONE', #1110, 1000.000000000000000 ) ;
#1721 =( NAMED_UNIT ( * ) SI_UNIT ( $, .STERADIAN. ) SOLID_ANGLE_UNIT ( ) );
#1722 = LINE ( 'NONE', #1161, #1827 ) ;
#1723 = LINE ( 'NONE', #2755, #854 ) ;
#1724 = PRESENTATION_LAYER_ASSIGNMENT (  '', '', ( #1942 ) ) ;
#1725 = SURFACE_STYLE_USAGE ( .BOTH. , #2739 ) ;
#1726 = ORIENTED_EDGE ( 'NONE', *, *, #1546, .T. ) ;
#1727 = FILL_AREA_STYLE_COLOUR ( '', #2787 ) ;
#1728 = DIRECTION ( 'NONE',  ( 0.7071067811865474617, 0.7071067811865474617, 0.000000000000000000 ) ) ;
#1729 = ORIENTED_EDGE ( 'NONE', *, *, #2929, .T. ) ;
#1730 = PLANE ( 'NONE',  #297 ) ;
#1731 = ADVANCED_FACE ( 'NONE', ( #2389 ), #2411, .F. ) ;
#1732 =( NAMED_UNIT ( * ) SI_UNIT ( $, .STERADIAN. ) SOLID_ANGLE_UNIT ( ) );
#1733 = ORIENTED_EDGE ( 'NONE', *, *, #1295, .T. ) ;
#1734 = EDGE_CURVE ( 'NONE', #2756, #1711, #1425, .T. ) ;
#1735 = CARTESIAN_POINT ( 'NONE',  ( -1.000000000000000000, -0.3749999999999998335, -0.02500000000000000139 ) ) ;
#1736 = LINE ( 'NONE', #711, #1816 ) ;
#1737 = PRESENTATION_STYLE_ASSIGNMENT (( #648 ) ) ;
#1738 = ORIENTED_EDGE ( 'NONE', *, *, #1, .T. ) ;
#1739 = SURFACE_STYLE_FILL_AREA ( #3043 ) ;
#1740 = DIRECTION ( 'NONE',  ( 1.000000000000000000, -3.872150616019658834E-16, 0.000000000000000000 ) ) ;
#1741 = VERTEX_POINT ( 'NONE', #624 ) ;
#1742 = SURFACE_STYLE_FILL_AREA ( #2032 ) ;
#1743 = CARTESIAN_POINT ( 'NONE',  ( -0.1499999999999998557, 0.5000000000000000000, -0.02500000000000000139 ) ) ;
#1744 = EDGE_CURVE ( 'NONE', #1614, #2993, #115, .T. ) ;
#1745 = FILL_AREA_STYLE ('',( #3311 ) ) ;
#1746 = CARTESIAN_POINT ( 'NONE',  ( 0.6500000000000000222, 0.3750000000000000000, 0.07600000009233554010 ) ) ;
#1747 = ADVANCED_FACE ( 'NONE', ( #2455 ), #337, .T. ) ;
#1748 =( NAMED_UNIT ( * ) SI_UNIT ( $, .STERADIAN. ) SOLID_ANGLE_UNIT ( ) );
#1749 = CARTESIAN_POINT ( 'NONE',  ( 1.000000000000000000, -0.3749999999999997780, 0.000000000000000000 ) ) ;
#1750 = VECTOR ( 'NONE', #1264, 1000.000000000000000 ) ;
#1751 = CARTESIAN_POINT ( 'NONE',  ( -0.9700000000000000844, 0.7199999999999997513, 0.4749999999999999778 ) ) ;
#1752 = AXIS2_PLACEMENT_3D ( 'NONE', #3092, #1303, #249 ) ;
#1753 = FILL_AREA_STYLE_COLOUR ( '', #2034 ) ;
#1754 = PRESENTATION_STYLE_ASSIGNMENT (( #730 ) ) ;
#1755 = CARTESIAN_POINT ( 'NONE',  ( -1.000000000000000000, 0.7199999999999997513, 0.4749999999999999778 ) ) ;
#1756 = CYLINDRICAL_SURFACE ( 'NONE', #1929, 0.02999999999999997113 ) ;
#1757 = DIRECTION ( 'NONE',  ( -0.000000000000000000, -0.000000000000000000, -1.000000000000000000 ) ) ;
#1758 = STYLED_ITEM ( 'NONE', ( #2758 ), #1505 ) ;
#1759 = AXIS2_PLACEMENT_3D ( 'NONE', #1691, #165, #377 ) ;
#1760 = ORIENTED_EDGE ( 'NONE', *, *, #2488, .T. ) ;
#1761 = CARTESIAN_POINT ( 'NONE',  ( 0.4000000000000001887, -0.5000000000000000000, 0.01000000000000000021 ) ) ;
#1762 = CARTESIAN_POINT ( 'NONE',  ( 1.000000000000000000, -0.7200000000000003064, 0.000000000000000000 ) ) ;
#1763 = CARTESIAN_POINT ( 'NONE',  ( -1.000000000000000000, 0.3750000000000001110, -0.02500000000000000139 ) ) ;
#1764 = CIRCLE ( 'NONE', #245, 0.02999999999999997113 ) ;
#1765 = STYLED_ITEM ( 'NONE', ( #953 ), #3040 ) ;
#1766 =( NAMED_UNIT ( * ) SI_UNIT ( $, .STERADIAN. ) SOLID_ANGLE_UNIT ( ) );
#1767 = FACE_OUTER_BOUND ( 'NONE', #2106, .T. ) ;
#1768 = LINE ( 'NONE', #401, #3297 ) ;
#1769 = PRESENTATION_LAYER_ASSIGNMENT (  '', '', ( #2040 ) ) ;
#1770 = ORIENTED_EDGE ( 'NONE', *, *, #1648, .T. ) ;
#1771 = STYLED_ITEM ( 'NONE', ( #80 ), #3254 ) ;
#1772 = EDGE_CURVE ( 'NONE', #3259, #2956, #1393, .T. ) ;
#1773 =( GEOMETRIC_REPRESENTATION_CONTEXT ( 3 ) GLOBAL_UNCERTAINTY_ASSIGNED_CONTEXT ( ( #2421 ) ) GLOBAL_UNIT_ASSIGNED_CONTEXT ( ( #1809, #2926, #71 ) ) REPRESENTATION_CONTEXT ( 'NONE', 'WORKASPACE' ) );
#1774 = CARTESIAN_POINT ( 'NONE',  ( -0.6500000000000000222, -0.1249999999999998335, -0.02500000000000000139 ) ) ;
#1775 =( NAMED_UNIT ( * ) SI_UNIT ( $, .STERADIAN. ) SOLID_ANGLE_UNIT ( ) );
#1776 = VERTEX_POINT ( 'NONE', #374 ) ;
#1777 = LINE ( 'NONE', #1520, #1273 ) ;
#1778 = VECTOR ( 'NONE', #3328, 1000.000000000000000 ) ;
#1779 = LINE ( 'NONE', #2807, #862 ) ;
#1780 = SURFACE_STYLE_FILL_AREA ( #1455 ) ;
#1781 =( NAMED_UNIT ( * ) PLANE_ANGLE_UNIT ( ) SI_UNIT ( $, .RADIAN. ) );
#1782 = FILL_AREA_STYLE ('',( #925 ) ) ;
#1783 = ORIENTED_EDGE ( 'NONE', *, *, #3190, .T. ) ;
#1784 = LINE ( 'NONE', #3019, #932 ) ;
#1785 = CARTESIAN_POINT ( 'NONE',  ( 0.9699999999999995293, 0.7199999999999998623, 0.000000000000000000 ) ) ;
#1786 = FACE_OUTER_BOUND ( 'NONE', #1684, .T. ) ;
#1787 = ADVANCED_FACE ( 'NONE', ( #1914 ), #881, .F. ) ;
#1788 = SURFACE_SIDE_STYLE ('',( #719 ) ) ;
#1789 = LINE ( 'NONE', #1534, #188 ) ;
#1790 = EDGE_LOOP ( 'NONE', ( #1681, #276, #2802, #1452 ) ) ;
#1791 = EDGE_CURVE ( 'NONE', #2765, #1849, #1481, .T. ) ;
#1792 = LINE ( 'NONE', #2611, #1309 ) ;
#1793 = FILL_AREA_STYLE_COLOUR ( '', #2557 ) ;
#1794 = CYLINDRICAL_SURFACE ( 'NONE', #871, 0.02999999999999997113 ) ;
#1795 = FILL_AREA_STYLE_COLOUR ( '', #427 ) ;
#1796 = SURFACE_STYLE_USAGE ( .BOTH. , #1213 ) ;
#1797 = ORIENTED_EDGE ( 'NONE', *, *, #2226, .F. ) ;
#1798 = DIRECTION ( 'NONE',  ( -0.000000000000000000, -0.000000000000000000, -1.000000000000000000 ) ) ;
#1799 = DIRECTION ( 'NONE',  ( 0.000000000000000000, -0.000000000000000000, 1.000000000000000000 ) ) ;
#1800 = DIRECTION ( 'NONE',  ( -1.000000000000000000, -4.646580739223590009E-16, 0.000000000000000000 ) ) ;
#1801 =( GEOMETRIC_REPRESENTATION_CONTEXT ( 3 ) GLOBAL_UNCERTAINTY_ASSIGNED_CONTEXT ( ( #1904 ) ) GLOBAL_UNIT_ASSIGNED_CONTEXT ( ( #2631, #1331, #8 ) ) REPRESENTATION_CONTEXT ( 'NONE', 'WORKASPACE' ) );
#1802 = ORIENTED_EDGE ( 'NONE', *, *, #3099, .T. ) ;
#1803 = PRESENTATION_LAYER_ASSIGNMENT (  '', '', ( #2825 ) ) ;
#1804 = CARTESIAN_POINT ( 'NONE',  ( 0.6500000000000000222, 0.3750000000000000000, -0.02500000000000000139 ) ) ;
#1805 = VECTOR ( 'NONE', #3159, 1000.000000000000000 ) ;
#1806 = ADVANCED_FACE ( 'NONE', ( #956 ), #929, .T. ) ;
#1807 = PRESENTATION_LAYER_ASSIGNMENT (  '', '', ( #1979 ) ) ;
#1808 = CIRCLE ( 'NONE', #573, 0.02999999999999997113 ) ;
#1809 =( LENGTH_UNIT ( ) NAMED_UNIT ( * ) SI_UNIT ( .MILLI., .METRE. ) );
#1810 = FACE_OUTER_BOUND ( 'NONE', #3163, .T. ) ;
#1811 = MECHANICAL_DESIGN_GEOMETRIC_PRESENTATION_REPRESENTATION (  '', ( #91 ), #140 ) ;
#1812 = UNCERTAINTY_MEASURE_WITH_UNIT (LENGTH_MEASURE( 1.000000000000000082E-05 ), #1079, 'distance_accuracy_value', 'NONE');
#1813 = SURFACE_SIDE_STYLE ('',( #3392 ) ) ;
#1814 = AXIS2_PLACEMENT_3D ( 'NONE', #60, #1114, #2173 ) ;
#1815 = CARTESIAN_POINT ( 'NONE',  ( 0.9699999999999999734, -0.7500000000000002220, 0.4749999999999999778 ) ) ;
#1816 = VECTOR ( 'NONE', #2811, 1000.000000000000000 ) ;
#1817 = SURFACE_STYLE_USAGE ( .BOTH. , #220 ) ;
#1818 = SURFACE_STYLE_USAGE ( .BOTH. , #209 ) ;
#1819 = AXIS2_PLACEMENT_3D ( 'NONE', #2114, #527, #3403 ) ;
#1820 = VERTEX_POINT ( 'NONE', #473 ) ;
#1821 = DIRECTION ( 'NONE',  ( 0.000000000000000000, 0.000000000000000000, 1.000000000000000000 ) ) ;
#1822 = FILL_AREA_STYLE ('',( #752 ) ) ;
#1823 = MECHANICAL_DESIGN_GEOMETRIC_PRESENTATION_REPRESENTATION (  '', ( #816 ), #3030 ) ;
#1824 = SURFACE_STYLE_USAGE ( .BOTH. , #753 ) ;
#1825 = VERTEX_POINT ( 'NONE', #1999 ) ;
#1826 = DIRECTION ( 'NONE',  ( -0.000000000000000000, 0.000000000000000000, -1.000000000000000000 ) ) ;
#1827 = VECTOR ( 'NONE', #2426, 1000.000000000000000 ) ;
#1828 = CARTESIAN_POINT ( 'NONE',  ( -0.6500000000000000222, 0.3750000000000001665, -0.02500000000000000139 ) ) ;
#1829 = CARTESIAN_POINT ( 'NONE',  ( 0.9700000000000000844, -0.7200000000000003064, 0.4449999999999999512 ) ) ;
#1830 =( NAMED_UNIT ( * ) SI_UNIT ( $, .STERADIAN. ) SOLID_ANGLE_UNIT ( ) );
#1831 = SURFACE_SIDE_STYLE ('',( #2585 ) ) ;
#1832 = ADVANCED_FACE ( 'NONE', ( #1529 ), #2532, .F. ) ;
#1833 = LINE ( 'NONE', #999, #528 ) ;
#1834 = EDGE_CURVE ( 'NONE', #2095, #521, #163, .T. ) ;
#1835 = VERTEX_POINT ( 'NONE', #1231 ) ;
#1836 = SURFACE_STYLE_FILL_AREA ( #747 ) ;
#1837 =( NAMED_UNIT ( * ) PLANE_ANGLE_UNIT ( ) SI_UNIT ( $, .RADIAN. ) );
#1838 = LINE ( 'NONE', #316, #1533 ) ;
#1839 = FILL_AREA_STYLE ('',( #1293 ) ) ;
#1840 =( NAMED_UNIT ( * ) PLANE_ANGLE_UNIT ( ) SI_UNIT ( $, .RADIAN. ) );
#1841 = ORIENTED_EDGE ( 'NONE', *, *, #1744, .F. ) ;
#1842 =( NAMED_UNIT ( * ) PLANE_ANGLE_UNIT ( ) SI_UNIT ( $, .RADIAN. ) );
#1843 = DIRECTION ( 'NONE',  ( -0.000000000000000000, -0.000000000000000000, -1.000000000000000000 ) ) ;
#1844 = FACE_OUTER_BOUND ( 'NONE', #3217, .T. ) ;
#1845 = CARTESIAN_POINT ( 'NONE',  ( -0.6500000000000000222, 0.3750000000000001665, 0.000000000000000000 ) ) ;
#1846 =( NAMED_UNIT ( * ) SI_UNIT ( $, .STERADIAN. ) SOLID_ANGLE_UNIT ( ) );
#1847 = FILL_AREA_STYLE ('',( #232 ) ) ;
#1848 = DIRECTION ( 'NONE',  ( 0.000000000000000000, 0.000000000000000000, -1.000000000000000000 ) ) ;
#1849 = VERTEX_POINT ( 'NONE', #2275 ) ;
#1850 = UNCERTAINTY_MEASURE_WITH_UNIT (LENGTH_MEASURE( 1.000000000000000082E-05 ), #3035, 'distance_accuracy_value', 'NONE');
#1851 = EDGE_CURVE ( 'NONE', #1375, #3101, #1764, .T. ) ;
#1852 = FILL_AREA_STYLE_COLOUR ( '', #305 ) ;
#1853 = CARTESIAN_POINT ( 'NONE',  ( -1.000000000000000000, -0.1249999999999998890, 0.07600000000000001199 ) ) ;
#1854 = SURFACE_STYLE_USAGE ( .BOTH. , #2110 ) ;
#1855 = ORIENTED_EDGE ( 'NONE', *, *, #263, .T. ) ;
#1856 = AXIS2_PLACEMENT_3D ( 'NONE', #834, #2864, #2647 ) ;
#1857 = CARTESIAN_POINT ( 'NONE',  ( -1.000000000000000000, -0.3749999999999998335, 0.07600000000000001199 ) ) ;
#1858 = VECTOR ( 'NONE', #1275, 1000.000000000000000 ) ;
#1859 = EDGE_LOOP ( 'NONE', ( #2031, #2582, #279, #807 ) ) ;
#1860 = DIRECTION ( 'NONE',  ( -1.000000000000000000, -0.000000000000000000, 0.000000000000000000 ) ) ;
#1861 = DIRECTION ( 'NONE',  ( 0.000000000000000000, 0.000000000000000000, 1.000000000000000000 ) ) ;
#1862 = STYLED_ITEM ( 'NONE', ( #491 ), #1051 ) ;
#1863 = AXIS2_PLACEMENT_3D ( 'NONE', #3006, #359, #1431 ) ;
#1864 = AXIS2_PLACEMENT_3D ( 'NONE', #2597, #3385, #542 ) ;
#1865 = PRESENTATION_STYLE_ASSIGNMENT (( #217 ) ) ;
#1866 = FILL_AREA_STYLE ('',( #2117 ) ) ;
#1867 = ORIENTED_EDGE ( 'NONE', *, *, #1851, .T. ) ;
#1868 = PRESENTATION_LAYER_ASSIGNMENT (  '', '', ( #1429 ) ) ;
#1869 = PLANE ( 'NONE',  #1423 ) ;
#1870 = DIRECTION ( 'NONE',  ( 0.000000000000000000, 0.000000000000000000, 1.000000000000000000 ) ) ;
#1871 = CIRCLE ( 'NONE', #585, 0.02999999999999997113 ) ;
#1872 = EDGE_CURVE ( 'NONE', #3307, #101, #523, .T. ) ;
#1873 = MECHANICAL_DESIGN_GEOMETRIC_PRESENTATION_REPRESENTATION (  '', ( #1370 ), #2682 ) ;
#1874 = ORIENTED_EDGE ( 'NONE', *, *, #1106, .F. ) ;
#1875 = PRESENTATION_LAYER_ASSIGNMENT (  '', '', ( #2303 ) ) ;
#1876 = FILL_AREA_STYLE ('',( #1059 ) ) ;
#1877 = ADVANCED_FACE ( 'NONE', ( #1023 ), #273, .F. ) ;
#1878 = STYLED_ITEM ( 'NONE', ( #2156 ), #2251 ) ;
#1879 = PRODUCT_CONTEXT ( 'NONE', #2431, 'mechanical' ) ;
#1880 = FACE_OUTER_BOUND ( 'NONE', #3332, .T. ) ;
#1881 = COLOUR_RGB ( '',0.2862745098039215508, 0.2862745098039215508, 0.2862745098039215508 ) ;
#1882 = ORIENTED_EDGE ( 'NONE', *, *, #2381, .F. ) ;
#1883 = DIRECTION ( 'NONE',  ( -0.000000000000000000, -0.000000000000000000, 1.000000000000000000 ) ) ;
#1884 = DIRECTION ( 'NONE',  ( 1.000000000000000000, 0.000000000000000000, 0.000000000000000000 ) ) ;
#1885 = STYLED_ITEM ( 'NONE', ( #2008 ), #2836 ) ;
#1886 = CARTESIAN_POINT ( 'NONE',  ( -0.9700000000000000844, -0.7200000000000003064, 0.4449999999999999512 ) ) ;
#1887 = CARTESIAN_POINT ( 'NONE',  ( -0.8050000000000000488, 0.6099999999999998757, 0.4749999999999999778 ) ) ;
#1888 = ORIENTED_EDGE ( 'NONE', *, *, #3287, .T. ) ;
#1889 = FACE_OUTER_BOUND ( 'NONE', #459, .T. ) ;
#1890 = PLANE ( 'NONE',  #912 ) ;
#1891 = DIRECTION ( 'NONE',  ( -1.000000000000000000, 3.097720492815726673E-16, 0.000000000000000000 ) ) ;
#1892 = CARTESIAN_POINT ( 'NONE',  ( -1.000000000000000000, 0.3750000000000001110, 0.07600000000000001199 ) ) ;
#1893 = PRESENTATION_STYLE_ASSIGNMENT (( #2903 ) ) ;
#1894 = ADVANCED_FACE ( 'NONE', ( #1075 ), #3359, .T. ) ;
#1895 = UNCERTAINTY_MEASURE_WITH_UNIT (LENGTH_MEASURE( 1.000000000000000082E-05 ), #687, 'distance_accuracy_value', 'NONE');
#1896 = EDGE_LOOP ( 'NONE', ( #2690, #2025, #2225, #2851 ) ) ;
#1897 = DIRECTION ( 'NONE',  ( 0.000000000000000000, -1.000000000000000000, 0.000000000000000000 ) ) ;
#1898 = UNCERTAINTY_MEASURE_WITH_UNIT (LENGTH_MEASURE( 1.000000000000000082E-05 ), #2914, 'distance_accuracy_value', 'NONE');
#1899 = LINE ( 'NONE', #2168, #1652 ) ;
#1900 = EDGE_CURVE ( 'NONE', #2278, #119, #2915, .T. ) ;
#1901 = VERTEX_POINT ( 'NONE', #2578 ) ;
#1902 = SURFACE_STYLE_FILL_AREA ( #1090 ) ;
#1903 = PRESENTATION_STYLE_ASSIGNMENT (( #830 ) ) ;
#1904 = UNCERTAINTY_MEASURE_WITH_UNIT (LENGTH_MEASURE( 1.000000000000000082E-05 ), #2631, 'distance_accuracy_value', 'NONE');
#1905 = MANIFOLD_SOLID_BREP ( 'LPattern2[2]', #1476 ) ;
#1906 = CARTESIAN_POINT ( 'NONE',  ( -1.000000000000000000, 0.1250000000000001665, -0.02500000000000000139 ) ) ;
#1907 = ORIENTED_EDGE ( 'NONE', *, *, #2243, .F. ) ;
#1908 = CARTESIAN_POINT ( 'NONE',  ( -0.6500000000000000222, 0.3750000000000001665, 0.07600000000000001199 ) ) ;
#1909 = CARTESIAN_POINT ( 'NONE',  ( 1.000000000000000000, -0.1250000000000001388, 0.000000000000000000 ) ) ;
#1910 = CARTESIAN_POINT ( 'NONE',  ( -0.1499999999999998557, 0.5000000000000000000, 0.01000000000000000021 ) ) ;
#1911 = FACE_OUTER_BOUND ( 'NONE', #1466, .T. ) ;
#1912 = DIRECTION ( 'NONE',  ( 0.000000000000000000, 0.000000000000000000, 1.000000000000000000 ) ) ;
#1913 = DIRECTION ( 'NONE',  ( 0.000000000000000000, 0.000000000000000000, 1.000000000000000000 ) ) ;
#1914 = FACE_OUTER_BOUND ( 'NONE', #1896, .T. ) ;
#1915 = EDGE_LOOP ( 'NONE', ( #1148, #3150, #2511, #1960 ) ) ;
#1916 = LINE ( 'NONE', #1857, #2508 ) ;
#1917 = ORIENTED_EDGE ( 'NONE', *, *, #951, .F. ) ;
#1918 = UNCERTAINTY_MEASURE_WITH_UNIT (LENGTH_MEASURE( 1.000000000000000082E-05 ), #6, 'distance_accuracy_value', 'NONE');
#1919 = CLOSED_SHELL ( 'NONE', ( #1051, #3102, #1280, #3362 ) ) ;
#1920 = EDGE_CURVE ( 'NONE', #819, #1207, #1552, .T. ) ;
#1921 = MECHANICAL_DESIGN_GEOMETRIC_PRESENTATION_REPRESENTATION (  '', ( #1011 ), #629 ) ;
#1922 = FACE_OUTER_BOUND ( 'NONE', #2070, .T. ) ;
#1923 = FILL_AREA_STYLE ('',( #850 ) ) ;
#1924 =( GEOMETRIC_REPRESENTATION_CONTEXT ( 3 ) GLOBAL_UNCERTAINTY_ASSIGNED_CONTEXT ( ( #1898 ) ) GLOBAL_UNIT_ASSIGNED_CONTEXT ( ( #2914, #2158, #3203 ) ) REPRESENTATION_CONTEXT ( 'NONE', 'WORKASPACE' ) );
#1925 = AXIS2_PLACEMENT_3D ( 'NONE', #1168, #1182, #381 ) ;
#1926 = ORIENTED_EDGE ( 'NONE', *, *, #1295, .F. ) ;
#1927 = MECHANICAL_DESIGN_GEOMETRIC_PRESENTATION_REPRESENTATION (  '', ( #1758 ), #1359 ) ;
#1928 = LINE ( 'NONE', #2958, #2784 ) ;
#1929 = AXIS2_PLACEMENT_3D ( 'NONE', #430, #1504, #2535 ) ;
#1930 = LINE ( 'NONE', #2960, #3336 ) ;
#1931 = DIRECTION ( 'NONE',  ( 0.000000000000000000, -1.000000000000000000, 0.000000000000000000 ) ) ;
#1932 = CARTESIAN_POINT ( 'NONE',  ( 0.6500000000000000222, -0.1250000000000000000, 0.07600000000000001199 ) ) ;
#1933 = VECTOR ( 'NONE', #2918, 1000.000000000000000 ) ;
#1934 =( NAMED_UNIT ( * ) SI_UNIT ( $, .STERADIAN. ) SOLID_ANGLE_UNIT ( ) );
#1935 = VERTEX_POINT ( 'NONE', #315 ) ;
#1936 = PRESENTATION_LAYER_ASSIGNMENT (  '', '', ( #2036 ) ) ;
#1937 = AXIS2_PLACEMENT_3D ( 'NONE', #2437, #360, #2467 ) ;
#1938 = ORIENTED_EDGE ( 'NONE', *, *, #1523, .F. ) ;
#1939 = PRESENTATION_STYLE_ASSIGNMENT (( #813 ) ) ;
#1940 = ADVANCED_BREP_SHAPE_REPRESENTATION ( 'NT2H1311F0DTL', ( #3001, #3029, #714, #2968, #3040, #695, #1905, #433 ), #2042 ) ;
#1941 = EDGE_CURVE ( 'NONE', #2051, #1711, #1930, .T. ) ;
#1942 = STYLED_ITEM ( 'NONE', ( #1686 ), #2806 ) ;
#1943 = ORIENTED_EDGE ( 'NONE', *, *, #1941, .F. ) ;
#1944 = CARTESIAN_POINT ( 'NONE',  ( 1.000000000000000000, 0.3749999999999998890, 0.000000000000000000 ) ) ;
#1945 =( NAMED_UNIT ( * ) PLANE_ANGLE_UNIT ( ) SI_UNIT ( $, .RADIAN. ) );
#1946 = EDGE_CURVE ( 'NONE', #614, #70, #2216, .T. ) ;
#1947 =( LENGTH_UNIT ( ) NAMED_UNIT ( * ) SI_UNIT ( .MILLI., .METRE. ) );
#1948 = FILL_AREA_STYLE ('',( #2194 ) ) ;
#1949 = CARTESIAN_POINT ( 'NONE',  ( -0.6500000000000000222, 0.1250000000000000555, -0.02500000000000000139 ) ) ;
#1950 = FILL_AREA_STYLE_COLOUR ( '', #1381 ) ;
#1951 = SURFACE_SIDE_STYLE ('',( #2936 ) ) ;
#1952 = EDGE_LOOP ( 'NONE', ( #192, #1397, #1292, #555 ) ) ;
#1953 = CARTESIAN_POINT ( 'NONE',  ( -0.3999999999999998557, -0.5000000000000000000, 0.000000000000000000 ) ) ;
#1954 = APPLICATION_PROTOCOL_DEFINITION ( 'draft international standard', 'automotive_design', 1998, #2431 ) ;
#1955 = ORIENTED_EDGE ( 'NONE', *, *, #461, .T. ) ;
#1956 = CARTESIAN_POINT ( 'NONE',  ( 0.9700000000000000844, -0.7200000000000003064, 0.4449999999999999512 ) ) ;
#1957 =( NAMED_UNIT ( * ) PLANE_ANGLE_UNIT ( ) SI_UNIT ( $, .RADIAN. ) );
#1958 = DIRECTION ( 'NONE',  ( 1.000000000000000000, -3.097720492815726673E-16, 0.000000000000000000 ) ) ;
#1959 = SURFACE_STYLE_FILL_AREA ( #3250 ) ;
#1960 = ORIENTED_EDGE ( 'NONE', *, *, #2998, .F. ) ;
#1961 = CARTESIAN_POINT ( 'NONE',  ( -0.6500000000000000222, 0.3750000000000001665, 0.07599999997864870238 ) ) ;
#1962 = CARTESIAN_POINT ( 'NONE',  ( -1.000000000000000000, -0.7500000000000002220, 0.4749999999999999778 ) ) ;
#1963 = DIRECTION ( 'NONE',  ( -1.000000000000000000, 3.097720492815726673E-16, 0.000000000000000000 ) ) ;
#1964 = ORIENTED_EDGE ( 'NONE', *, *, #1006, .F. ) ;
#1965 = EDGE_CURVE ( 'NONE', #1125, #2609, #1871, .T. ) ;
#1966 = PLANE ( 'NONE',  #1094 ) ;
#1967 = UNCERTAINTY_MEASURE_WITH_UNIT (LENGTH_MEASURE( 1.000000000000000082E-05 ), #1063, 'distance_accuracy_value', 'NONE');
#1968 = EDGE_LOOP ( 'NONE', ( #1195, #1055, #1042, #2720 ) ) ;
#1969 = SURFACE_STYLE_USAGE ( .BOTH. , #393 ) ;
#1970 =( NAMED_UNIT ( * ) SI_UNIT ( $, .STERADIAN. ) SOLID_ANGLE_UNIT ( ) );
#1971 = ORIENTED_EDGE ( 'NONE', *, *, #3305, .T. ) ;
#1972 = FILL_AREA_STYLE_COLOUR ( '', #704 ) ;
#1973 = DIRECTION ( 'NONE',  ( -0.000000000000000000, -0.000000000000000000, 1.000000000000000000 ) ) ;
#1974 = VERTEX_POINT ( 'NONE', #1685 ) ;
#1975 = CARTESIAN_POINT ( 'NONE',  ( 1.000000000000000000, 0.3749999999999998890, 0.000000000000000000 ) ) ;
#1976 = CARTESIAN_POINT ( 'NONE',  ( 1.000000000000000000, -0.3749999999999997780, 0.000000000000000000 ) ) ;
#1977 =( GEOMETRIC_REPRESENTATION_CONTEXT ( 3 ) GLOBAL_UNCERTAINTY_ASSIGNED_CONTEXT ( ( #841 ) ) GLOBAL_UNIT_ASSIGNED_CONTEXT ( ( #1313, #2627, #2371 ) ) REPRESENTATION_CONTEXT ( 'NONE', 'WORKASPACE' ) );
#1978 = PRESENTATION_STYLE_ASSIGNMENT (( #2442 ) ) ;
#1979 = STYLED_ITEM ( 'NONE', ( #1271 ), #1567 ) ;
#1980 = FACE_OUTER_BOUND ( 'NONE', #1430, .T. ) ;
#1981 = CARTESIAN_POINT ( 'NONE',  ( 1.000000000000000000, 0.1250000000000002220, 0.07600000000000001199 ) ) ;
#1982 = ORIENTED_EDGE ( 'NONE', *, *, #2923, .T. ) ;
#1983 = EDGE_CURVE ( 'NONE', #858, #2439, #2453, .T. ) ;
#1984 = COLOUR_RGB ( '',0.8039215686274510109, 0.8039215686274510109, 0.8039215686274510109 ) ;
#1985 = VECTOR ( 'NONE', #1395, 1000.000000000000000 ) ;
#1986 = AXIS2_PLACEMENT_3D ( 'NONE', #1142, #2967, #896 ) ;
#1987 = DIRECTION ( 'NONE',  ( -0.000000000000000000, -0.000000000000000000, 1.000000000000000000 ) ) ;
#1988 = ORIENTED_EDGE ( 'NONE', *, *, #109, .T. ) ;
#1989 = EDGE_CURVE ( 'NONE', #101, #936, #751, .T. ) ;
#1990 = STYLED_ITEM ( 'NONE', ( #3114 ), #1905 ) ;
#1991 = PRESENTATION_LAYER_ASSIGNMENT (  '', '', ( #1370 ) ) ;
#1992 = FILL_AREA_STYLE_COLOUR ( '', #2149 ) ;
#1993 = ORIENTED_EDGE ( 'NONE', *, *, #2212, .F. ) ;
#1994 = VECTOR ( 'NONE', #3009, 1000.000000000000000 ) ;
#1995 = PRESENTATION_LAYER_ASSIGNMENT (  '', '', ( #1771 ) ) ;
#1996 =( GEOMETRIC_REPRESENTATION_CONTEXT ( 3 ) GLOBAL_UNCERTAINTY_ASSIGNED_CONTEXT ( ( #3180 ) ) GLOBAL_UNIT_ASSIGNED_CONTEXT ( ( #2653, #845, #2396 ) ) REPRESENTATION_CONTEXT ( 'NONE', 'WORKASPACE' ) );
#1997 =( NAMED_UNIT ( * ) PLANE_ANGLE_UNIT ( ) SI_UNIT ( $, .RADIAN. ) );
#1998 = COLOUR_RGB ( '',0.2862745098039215508, 0.2862745098039215508, 0.2862745098039215508 ) ;
#1999 = CARTESIAN_POINT ( 'NONE',  ( -0.9150000000000001465, 0.6099999999999998757, 0.4749999999999999778 ) ) ;
#2000 = EDGE_LOOP ( 'NONE', ( #744, #2233, #1200, #350 ) ) ;
#2001 = EDGE_CURVE ( 'NONE', #3303, #829, #1699, .T. ) ;
#2002 = EDGE_LOOP ( 'NONE', ( #3251, #164, #1717, #1463 ) ) ;
#2003 =( LENGTH_UNIT ( ) NAMED_UNIT ( * ) SI_UNIT ( .MILLI., .METRE. ) );
#2004 = EDGE_CURVE ( 'NONE', #506, #2095, #550, .T. ) ;
#2005 =( LENGTH_UNIT ( ) NAMED_UNIT ( * ) SI_UNIT ( .MILLI., .METRE. ) );
#2006 = SURFACE_SIDE_STYLE ('',( #2552 ) ) ;
#2007 = FILL_AREA_STYLE_COLOUR ( '', #631 ) ;
#2008 = PRESENTATION_STYLE_ASSIGNMENT (( #1796 ) ) ;
#2009 = FILL_AREA_STYLE ('',( #79 ) ) ;
#2010 = SURFACE_STYLE_FILL_AREA ( #3314 ) ;
#2011 = ORIENTED_EDGE ( 'NONE', *, *, #1941, .T. ) ;
#2012 = PRESENTATION_STYLE_ASSIGNMENT (( #2323 ) ) ;
#2013 = CARTESIAN_POINT ( 'NONE',  ( -0.6500000000000000222, 0.1250000000000000555, 0.07600000000000001199 ) ) ;
#2014 = ORIENTED_EDGE ( 'NONE', *, *, #17, .F. ) ;
#2015 = DIRECTION ( 'NONE',  ( 0.000000000000000000, 1.000000000000000000, -0.000000000000000000 ) ) ;
#2016 = DIRECTION ( 'NONE',  ( 0.000000000000000000, -1.000000000000000000, 0.000000000000000000 ) ) ;
#2017 = CARTESIAN_POINT ( 'NONE',  ( 0.000000000000000000, 0.000000000000000000, 0.07600000000000001199 ) ) ;
#2018 = ADVANCED_FACE ( 'NONE', ( #875 ), #1174, .F. ) ;
#2019 = FILL_AREA_STYLE ('',( #2783 ) ) ;
#2020 = CARTESIAN_POINT ( 'NONE',  ( 1.000000000000000000, 0.1250000000000002220, 0.000000000000000000 ) ) ;
#2021 = ORIENTED_EDGE ( 'NONE', *, *, #1604, .F. ) ;
#2022 = AXIS2_PLACEMENT_3D ( 'NONE', #1294, #3361, #2852 ) ;
#2023 = SURFACE_STYLE_USAGE ( .BOTH. , #190 ) ;
#2024 = DIRECTION ( 'NONE',  ( 1.000000000000000000, -3.872150616019658834E-16, 0.000000000000000000 ) ) ;
#2025 = ORIENTED_EDGE ( 'NONE', *, *, #2656, .T. ) ;
#2026 = PRESENTATION_STYLE_ASSIGNMENT (( #1532 ) ) ;
#2027 = MECHANICAL_DESIGN_GEOMETRIC_PRESENTATION_REPRESENTATION (  '', ( #1072 ), #1977 ) ;
#2028 =( GEOMETRIC_REPRESENTATION_CONTEXT ( 3 ) GLOBAL_UNCERTAINTY_ASSIGNED_CONTEXT ( ( #329 ) ) GLOBAL_UNIT_ASSIGNED_CONTEXT ( ( #1624, #280, #2697 ) ) REPRESENTATION_CONTEXT ( 'NONE', 'WORKASPACE' ) );
#2029 = PLANE ( 'NONE',  #1594 ) ;
#2030 = PRESENTATION_LAYER_ASSIGNMENT (  '', '', ( #746 ) ) ;
#2031 = ORIENTED_EDGE ( 'NONE', *, *, #2874, .T. ) ;
#2032 = FILL_AREA_STYLE ('',( #2498 ) ) ;
#2033 = MECHANICAL_DESIGN_GEOMETRIC_PRESENTATION_REPRESENTATION (  '', ( #2890 ), #1261 ) ;
#2034 = COLOUR_RGB ( '',0.2862745098039215508, 0.2862745098039215508, 0.2862745098039215508 ) ;
#2035 = STYLED_ITEM ( 'NONE', ( #1437 ), #3025 ) ;
#2036 = STYLED_ITEM ( 'NONE', ( #2060 ), #2184 ) ;
#2037 = PRODUCT_DEFINITION ( 'UNKNOWN', '', #1668, #3220 ) ;
#2038 = DIRECTION ( 'NONE',  ( -1.000000000000000000, 0.000000000000000000, 0.000000000000000000 ) ) ;
#2039 = FACE_OUTER_BOUND ( 'NONE', #676, .T. ) ;
#2040 = STYLED_ITEM ( 'NONE', ( #939 ), #2320 ) ;
#2041 = EDGE_LOOP ( 'NONE', ( #3257, #2457, #2333, #287 ) ) ;
#2042 =( GEOMETRIC_REPRESENTATION_CONTEXT ( 3 ) GLOBAL_UNCERTAINTY_ASSIGNED_CONTEXT ( ( #1689 ) ) GLOBAL_UNIT_ASSIGNED_CONTEXT ( ( #601, #2461, #324 ) ) REPRESENTATION_CONTEXT ( 'NONE', 'WORKASPACE' ) );
#2043 = EDGE_CURVE ( 'NONE', #1776, #3085, #44, .T. ) ;
#2044 = ORIENTED_EDGE ( 'NONE', *, *, #1435, .T. ) ;
#2045 =( LENGTH_UNIT ( ) NAMED_UNIT ( * ) SI_UNIT ( .MILLI., .METRE. ) );
#2046 = FILL_AREA_STYLE_COLOUR ( '', #2337 ) ;
#2047 = MECHANICAL_DESIGN_GEOMETRIC_PRESENTATION_REPRESENTATION (  '', ( #1942 ), #203 ) ;
#2048 = VERTEX_POINT ( 'NONE', #2159 ) ;
#2049 = CARTESIAN_POINT ( 'NONE',  ( 0.6500000000000000222, -0.3749999999999999445, 0.07600000000000001199 ) ) ;
#2050 = CARTESIAN_POINT ( 'NONE',  ( -0.6500000000000000222, -0.3749999999999999445, 0.07600000000000001199 ) ) ;
#2051 = VERTEX_POINT ( 'NONE', #1909 ) ;
#2052 = SURFACE_STYLE_FILL_AREA ( #798 ) ;
#2053 = CARTESIAN_POINT ( 'NONE',  ( -0.9700000000000000844, 0.7199999999999998623, 0.4449999999999999512 ) ) ;
#2054 = DIRECTION ( 'NONE',  ( -1.000000000000000000, 0.000000000000000000, -0.000000000000000000 ) ) ;
#2055 = ADVANCED_FACE ( 'NONE', ( #3204 ), #1116, .F. ) ;
#2056 = VERTEX_POINT ( 'NONE', #185 ) ;
#2057 = CARTESIAN_POINT ( 'NONE',  ( -1.000000000000000000, 0.1250000000000001665, 0.07600000009233554010 ) ) ;
#2058 = LINE ( 'NONE', #2049, #45 ) ;
#2059 = DIRECTION ( 'NONE',  ( 1.000000000000000000, 1.548860246407863336E-16, 0.000000000000000000 ) ) ;
#2060 = PRESENTATION_STYLE_ASSIGNMENT (( #2104 ) ) ;
#2061 = FILL_AREA_STYLE ('',( #1310 ) ) ;
#2062 = EDGE_LOOP ( 'NONE', ( #2270, #409, #3210, #839 ) ) ;
#2063 = FACE_OUTER_BOUND ( 'NONE', #116, .T. ) ;
#2064 = SURFACE_SIDE_STYLE ('',( #1003 ) ) ;
#2065 = VECTOR ( 'NONE', #2160, 1000.000000000000000 ) ;
#2066 = ORIENTED_EDGE ( 'NONE', *, *, #2336, .F. ) ;
#2067 = FILL_AREA_STYLE ('',( #3098 ) ) ;
#2068 = AXIS2_PLACEMENT_3D ( 'NONE', #836, #1912, #2935 ) ;
#2069 = EDGE_CURVE ( 'NONE', #824, #358, #125, .T. ) ;
#2070 = EDGE_LOOP ( 'NONE', ( #1047, #641, #321, #3171 ) ) ;
#2071 = VECTOR ( 'NONE', #118, 1000.000000000000000 ) ;
#2072 =( GEOMETRIC_REPRESENTATION_CONTEXT ( 3 ) GLOBAL_UNCERTAINTY_ASSIGNED_CONTEXT ( ( #1414 ) ) GLOBAL_UNIT_ASSIGNED_CONTEXT ( ( #2774, #947, #1197 ) ) REPRESENTATION_CONTEXT ( 'NONE', 'WORKASPACE' ) );
#2073 = LINE ( 'NONE', #1975, #3062 ) ;
#2074 = EDGE_CURVE ( 'NONE', #3132, #1328, #1736, .T. ) ;
#2075 = CARTESIAN_POINT ( 'NONE',  ( 0.6500000000000000222, -0.1250000000000000000, 0.07600000009233554010 ) ) ;
#2076 = PRESENTATION_STYLE_ASSIGNMENT (( #776 ) ) ;
#2077 = CARTESIAN_POINT ( 'NONE',  ( -0.6500000000000000222, -0.1249999999999998335, -0.02500000000000000139 ) ) ;
#2078 = VECTOR ( 'NONE', #1798, 1000.000000000000000 ) ;
#2079 = COLOUR_RGB ( '',0.2862745098039215508, 0.2862745098039215508, 0.2862745098039215508 ) ;
#2080 = PRESENTATION_LAYER_ASSIGNMENT (  '', '', ( #1990 ) ) ;
#2081 = CYLINDRICAL_SURFACE ( 'NONE', #2686, 0.02999999999999997113 ) ;
#2082 = UNCERTAINTY_MEASURE_WITH_UNIT (LENGTH_MEASURE( 1.000000000000000082E-05 ), #2943, 'distance_accuracy_value', 'NONE');
#2083 = COLOUR_RGB ( '',0.8039215686274510109, 0.8039215686274510109, 0.8039215686274510109 ) ;
#2084 = SURFACE_STYLE_USAGE ( .BOTH. , #421 ) ;
#2085 = EDGE_LOOP ( 'NONE', ( #844, #1283 ) ) ;
#2086 = COLOUR_RGB ( '',0.2862745098039215508, 0.2862745098039215508, 0.2862745098039215508 ) ;
#2087 = VECTOR ( 'NONE', #3356, 1000.000000000000000 ) ;
#2088 = SURFACE_STYLE_FILL_AREA ( #1022 ) ;
#2089 = DIRECTION ( 'NONE',  ( 1.000000000000000000, -3.872150616019658341E-16, -0.000000000000000000 ) ) ;
#2090 = AXIS2_PLACEMENT_3D ( 'NONE', #1886, #1064, #1415 ) ;
#2091 = PLANE ( 'NONE',  #1856 ) ;
#2092 = DIRECTION ( 'NONE',  ( -0.000000000000000000, -0.000000000000000000, 1.000000000000000000 ) ) ;
#2093 = CARTESIAN_POINT ( 'NONE',  ( -1.000000000000000000, 0.7199999999999997513, 0.4449999999999999512 ) ) ;
#2094 = STYLED_ITEM ( 'NONE', ( #3181 ), #2980 ) ;
#2095 = VERTEX_POINT ( 'NONE', #1746 ) ;
#2096 =( GEOMETRIC_REPRESENTATION_CONTEXT ( 3 ) GLOBAL_UNCERTAINTY_ASSIGNED_CONTEXT ( ( #3139 ) ) GLOBAL_UNIT_ASSIGNED_CONTEXT ( ( #969, #1548, #1748 ) ) REPRESENTATION_CONTEXT ( 'NONE', 'WORKASPACE' ) );
#2097 = CARTESIAN_POINT ( 'NONE',  ( 1.000000000000000000, 0.3749999999999998890, 0.07600000009233554010 ) ) ;
#2098 = VECTOR ( 'NONE', #2137, 1000.000000000000000 ) ;
#2099 = FILL_AREA_STYLE_COLOUR ( '', #136 ) ;
#2100 = DIRECTION ( 'NONE',  ( 1.000000000000000000, 1.548860246407863336E-16, 0.000000000000000000 ) ) ;
#2101 = CARTESIAN_POINT ( 'NONE',  ( -0.9700000000000000844, -0.7200000000000003064, 0.4449999999999999512 ) ) ;
#2102 = PRESENTATION_STYLE_ASSIGNMENT (( #2856 ) ) ;
#2103 = ADVANCED_FACE ( 'NONE', ( #1767 ), #3281, .F. ) ;
#2104 = SURFACE_STYLE_USAGE ( .BOTH. , #1038 ) ;
#2105 = FILL_AREA_STYLE_COLOUR ( '', #3399 ) ;
#2106 = EDGE_LOOP ( 'NONE', ( #514, #974, #2501, #1333 ) ) ;
#2107 =( NAMED_UNIT ( * ) PLANE_ANGLE_UNIT ( ) SI_UNIT ( $, .RADIAN. ) );
#2108 = FACE_OUTER_BOUND ( 'NONE', #2000, .T. ) ;
#2109 = CARTESIAN_POINT ( 'NONE',  ( 0.4000000000000001887, -0.5000000000000000000, 0.01000000000000000021 ) ) ;
#2110 = SURFACE_SIDE_STYLE ('',( #1601 ) ) ;
#2111 = EDGE_LOOP ( 'NONE', ( #1586, #1069, #2834, #960 ) ) ;
#2112 = DIRECTION ( 'NONE',  ( -1.000000000000000000, 0.000000000000000000, 0.000000000000000000 ) ) ;
#2113 = LINE ( 'NONE', #2393, #90 ) ;
#2114 = CARTESIAN_POINT ( 'NONE',  ( 1.000000000000000000, -0.1250000000000001388, -0.02500000000000000139 ) ) ;
#2115 = LINE ( 'NONE', #1012, #353 ) ;
#2116 = EDGE_CURVE ( 'NONE', #2883, #338, #420, .T. ) ;
#2117 = FILL_AREA_STYLE_COLOUR ( '', #2513 ) ;
#2118 = ORIENTED_EDGE ( 'NONE', *, *, #1071, .F. ) ;
#2119 = DIRECTION ( 'NONE',  ( 1.000000000000000000, 0.000000000000000000, -0.000000000000000000 ) ) ;
#2120 = DIRECTION ( 'NONE',  ( -1.000000000000000000, 0.000000000000000000, 0.000000000000000000 ) ) ;
#2121 = ADVANCED_FACE ( 'NONE', ( #660 ), #1474, .F. ) ;
#2122 = DIRECTION ( 'NONE',  ( 0.000000000000000000, 0.000000000000000000, -1.000000000000000000 ) ) ;
#2123 = CARTESIAN_POINT ( 'NONE',  ( -1.000000000000000000, 0.3750000000000001110, 0.07600000009233554010 ) ) ;
#2124 = ORIENTED_EDGE ( 'NONE', *, *, #990, .T. ) ;
#2125 = DIRECTION ( 'NONE',  ( 1.000000000000000000, -0.000000000000000000, 0.000000000000000000 ) ) ;
#2126 = CARTESIAN_POINT ( 'NONE',  ( 0.9699999999999995293, 0.7499999999999997780, 0.000000000000000000 ) ) ;
#2127 = STYLED_ITEM ( 'NONE', ( #3138 ), #778 ) ;
#2128 = AXIS2_PLACEMENT_3D ( 'NONE', #2101, #3144, #1861 ) ;
#2129 = ORIENTED_EDGE ( 'NONE', *, *, #400, .F. ) ;
#2130 = CARTESIAN_POINT ( 'NONE',  ( -0.8600000000000000977, 0.6099999999999998757, 0.4649999999999999689 ) ) ;
#2131 = DIRECTION ( 'NONE',  ( -0.000000000000000000, 0.000000000000000000, 1.000000000000000000 ) ) ;
#2132 =( NAMED_UNIT ( * ) SI_UNIT ( $, .STERADIAN. ) SOLID_ANGLE_UNIT ( ) );
#2133 = UNCERTAINTY_MEASURE_WITH_UNIT (LENGTH_MEASURE( 1.000000000000000082E-05 ), #2, 'distance_accuracy_value', 'NONE');
#2134 = VECTOR ( 'NONE', #1676, 1000.000000000000000 ) ;
#2135 = STYLED_ITEM ( 'NONE', ( #2363 ), #564 ) ;
#2136 = CARTESIAN_POINT ( 'NONE',  ( -0.1499999999999998557, 0.5000000000000000000, -0.02500000000000000139 ) ) ;
#2137 = DIRECTION ( 'NONE',  ( 0.000000000000000000, -1.000000000000000000, 0.000000000000000000 ) ) ;
#2138 = EDGE_LOOP ( 'NONE', ( #795, #1760, #1729, #2446, #1679, #404, #2430, #3235, #19, #12, #441, #945 ) ) ;
#2139 = VECTOR ( 'NONE', #2162, 1000.000000000000000 ) ;
#2140 = FACE_BOUND ( 'NONE', #2085, .T. ) ;
#2141 = DIRECTION ( 'NONE',  ( -1.000000000000000000, 3.097720492815727166E-16, 0.000000000000000000 ) ) ;
#2142 = VECTOR ( 'NONE', #2089, 1000.000000000000000 ) ;
#2143 = LINE ( 'NONE', #1932, #1933 ) ;
#2144 = COLOUR_RGB ( '',0.9607843137254902244, 0.9607843137254902244, 0.9607843137254902244 ) ;
#2145 = ADVANCED_FACE ( 'NONE', ( #2642 ), #2081, .T. ) ;
#2146 = CARTESIAN_POINT ( 'NONE',  ( 0.4000000000000001887, -0.5000000000000000000, -0.02500000000000000139 ) ) ;
#2147 = EDGE_LOOP ( 'NONE', ( #996, #1222, #548, #3026 ) ) ;
#2148 = FACE_OUTER_BOUND ( 'NONE', #2062, .T. ) ;
#2149 = COLOUR_RGB ( '',0.8039215686274510109, 0.8039215686274510109, 0.8039215686274510109 ) ;
#2150 = LINE ( 'NONE', #1574, #3378 ) ;
#2151 = VERTEX_POINT ( 'NONE', #3357 ) ;
#2152 = SURFACE_SIDE_STYLE ('',( #1350 ) ) ;
#2153 = UNCERTAINTY_MEASURE_WITH_UNIT (LENGTH_MEASURE( 1.000000000000000082E-05 ), #456, 'distance_accuracy_value', 'NONE');
#2154 = SURFACE_STYLE_USAGE ( .BOTH. , #562 ) ;
#2155 = UNCERTAINTY_MEASURE_WITH_UNIT (LENGTH_MEASURE( 1.000000000000000082E-05 ), #2045, 'distance_accuracy_value', 'NONE');
#2156 = PRESENTATION_STYLE_ASSIGNMENT (( #2448 ) ) ;
#2157 = VERTEX_POINT ( 'NONE', #2871 ) ;
#2158 =( NAMED_UNIT ( * ) PLANE_ANGLE_UNIT ( ) SI_UNIT ( $, .RADIAN. ) );
#2159 = CARTESIAN_POINT ( 'NONE',  ( 1.000000000000000000, 0.7199999999999998623, 0.4449999999999999512 ) ) ;
#2160 = DIRECTION ( 'NONE',  ( -0.000000000000000000, -0.000000000000000000, -1.000000000000000000 ) ) ;
#2161 = CARTESIAN_POINT ( 'NONE',  ( -1.000000000000000000, -0.7500000000000002220, 0.4449999999999999512 ) ) ;
#2162 = DIRECTION ( 'NONE',  ( -0.000000000000000000, -0.000000000000000000, -1.000000000000000000 ) ) ;
#2163 = UNCERTAINTY_MEASURE_WITH_UNIT (LENGTH_MEASURE( 1.000000000000000082E-05 ), #2870, 'distance_accuracy_value', 'NONE');
#2164 = ORIENTED_EDGE ( 'NONE', *, *, #3269, .T. ) ;
#2165 = EDGE_CURVE ( 'NONE', #168, #575, #1833, .T. ) ;
#2166 = SURFACE_STYLE_FILL_AREA ( #2670 ) ;
#2167 = UNCERTAINTY_MEASURE_WITH_UNIT (LENGTH_MEASURE( 1.000000000000000082E-05 ), #3372, 'distance_accuracy_value', 'NONE');
#2168 = CARTESIAN_POINT ( 'NONE',  ( 1.000000000000000000, -0.3749999999999997780, 0.07600000000000001199 ) ) ;
#2169 = ORIENTED_EDGE ( 'NONE', *, *, #285, .T. ) ;
#2170 = PRESENTATION_STYLE_ASSIGNMENT (( #582 ) ) ;
#2171 = FACE_OUTER_BOUND ( 'NONE', #2182, .T. ) ;
#2172 = PLANE ( 'NONE',  #3293 ) ;
#2173 = DIRECTION ( 'NONE',  ( -1.000000000000000000, -4.646580739223590009E-16, 0.000000000000000000 ) ) ;
#2174 = ORIENTED_EDGE ( 'NONE', *, *, #1644, .T. ) ;
#2175 = CARTESIAN_POINT ( 'NONE',  ( -0.3999999999999998557, 0.2500000000000000000, 0.000000000000000000 ) ) ;
#2176 = CARTESIAN_POINT ( 'NONE',  ( 0.9700000000000000844, -0.7200000000000003064, 0.4449999999999999512 ) ) ;
#2177 =( LENGTH_UNIT ( ) NAMED_UNIT ( * ) SI_UNIT ( .MILLI., .METRE. ) );
#2178 = SURFACE_STYLE_USAGE ( .BOTH. , #610 ) ;
#2179 = CARTESIAN_POINT ( 'NONE',  ( 0.4000000000000001887, 0.5000000000000000000, 0.01000000000000000021 ) ) ;
#2180 = PRESENTATION_STYLE_ASSIGNMENT (( #2706 ) ) ;
#2181 = DIRECTION ( 'NONE',  ( -0.000000000000000000, -0.000000000000000000, -1.000000000000000000 ) ) ;
#2182 = EDGE_LOOP ( 'NONE', ( #3316, #2306, #1527, #2497 ) ) ;
#2183 = FACE_OUTER_BOUND ( 'NONE', #454, .T. ) ;
#2184 = ADVANCED_FACE ( 'NONE', ( #2620 ), #2368, .F. ) ;
#2185 = VERTEX_POINT ( 'NONE', #616 ) ;
#2186 = PLANE ( 'NONE',  #914 ) ;
#2187 = ADVANCED_FACE ( 'NONE', ( #1647 ), #343, .T. ) ;
#2188 = VECTOR ( 'NONE', #3300, 1000.000000000000000 ) ;
#2189 = SURFACE_STYLE_USAGE ( .BOTH. , #2402 ) ;
#2190 = VECTOR ( 'NONE', #105, 1000.000000000000000 ) ;
#2191 = ORIENTED_EDGE ( 'NONE', *, *, #804, .F. ) ;
#2192 = PRESENTATION_LAYER_ASSIGNMENT (  '', '', ( #3012 ) ) ;
#2193 = DIRECTION ( 'NONE',  ( 0.000000000000000000, 1.000000000000000000, -0.000000000000000000 ) ) ;
#2194 = FILL_AREA_STYLE_COLOUR ( '', #1998 ) ;
#2195 = AXIS2_PLACEMENT_3D ( 'NONE', #2707, #1164, #3000 ) ;
#2196 =( NAMED_UNIT ( * ) PLANE_ANGLE_UNIT ( ) SI_UNIT ( $, .RADIAN. ) );
#2197 = CARTESIAN_POINT ( 'NONE',  ( -1.000000000000000000, 0.3750000000000001110, 0.07600000000000001199 ) ) ;
#2198 = MECHANICAL_DESIGN_GEOMETRIC_PRESENTATION_REPRESENTATION (  '', ( #1990 ), #2252 ) ;
#2199 = UNCERTAINTY_MEASURE_WITH_UNIT (LENGTH_MEASURE( 1.000000000000000082E-05 ), #817, 'distance_accuracy_value', 'NONE');
#2200 = VERTEX_POINT ( 'NONE', #2136 ) ;
#2201 = CARTESIAN_POINT ( 'NONE',  ( -0.1499999999999998557, 0.5000000000000000000, -0.02500000000000000139 ) ) ;
#2202 = STYLED_ITEM ( 'NONE', ( #2763 ), #3046 ) ;
#2203 = PRESENTATION_LAYER_ASSIGNMENT (  '', '', ( #1553 ) ) ;
#2204 = EDGE_LOOP ( 'NONE', ( #2913, #1568, #2595, #2435, #265 ) ) ;
#2205 = AXIS2_PLACEMENT_3D ( 'NONE', #439, #3322, #670 ) ;
#2206 = DIRECTION ( 'NONE',  ( 1.000000000000000000, 0.000000000000000000, 0.000000000000000000 ) ) ;
#2207 = UNCERTAINTY_MEASURE_WITH_UNIT (LENGTH_MEASURE( 1.000000000000000082E-05 ), #732, 'distance_accuracy_value', 'NONE');
#2208 = COLOUR_RGB ( '',0.2862745098039215508, 0.2862745098039215508, 0.2862745098039215508 ) ;
#2209 = MECHANICAL_DESIGN_GEOMETRIC_PRESENTATION_REPRESENTATION (  '', ( #378 ), #1216 ) ;
#2210 = LINE ( 'NONE', #1399, #1093 ) ;
#2211 = CARTESIAN_POINT ( 'NONE',  ( -0.3999999999999998557, -0.5000000000000000000, 0.000000000000000000 ) ) ;
#2212 = EDGE_CURVE ( 'NONE', #824, #3085, #2210, .T. ) ;
#2213 = COLOUR_RGB ( '',0.8039215686274510109, 0.8039215686274510109, 0.8039215686274510109 ) ;
#2214 = ORIENTED_EDGE ( 'NONE', *, *, #588, .F. ) ;
#2215 = CARTESIAN_POINT ( 'NONE',  ( -1.000000000000000000, -0.3749999999999998335, 0.000000000000000000 ) ) ;
#2216 = LINE ( 'NONE', #594, #1599 ) ;
#2217 = CARTESIAN_POINT ( 'NONE',  ( -0.6500000000000000222, -0.1249999999999998335, 0.07600000000000001199 ) ) ;
#2218 =( LENGTH_UNIT ( ) NAMED_UNIT ( * ) SI_UNIT ( .MILLI., .METRE. ) );
#2219 = ORIENTED_EDGE ( 'NONE', *, *, #1258, .F. ) ;
#2220 = DIRECTION ( 'NONE',  ( 0.000000000000000000, 0.000000000000000000, 1.000000000000000000 ) ) ;
#2221 =( NAMED_UNIT ( * ) SI_UNIT ( $, .STERADIAN. ) SOLID_ANGLE_UNIT ( ) );
#2222 = ORIENTED_EDGE ( 'NONE', *, *, #1772, .T. ) ;
#2223 = FACE_OUTER_BOUND ( 'NONE', #3401, .T. ) ;
#2224 = SURFACE_STYLE_FILL_AREA ( #1183 ) ;
#2225 = ORIENTED_EDGE ( 'NONE', *, *, #627, .T. ) ;
#2226 = EDGE_CURVE ( 'NONE', #2439, #493, #59, .T. ) ;
#2227 =( NAMED_UNIT ( * ) SI_UNIT ( $, .STERADIAN. ) SOLID_ANGLE_UNIT ( ) );
#2228 = FILL_AREA_STYLE ('',( #2996 ) ) ;
#2229 = DIRECTION ( 'NONE',  ( -1.000000000000000000, 0.000000000000000000, -0.000000000000000000 ) ) ;
#2230 = DIRECTION ( 'NONE',  ( 1.000000000000000000, 1.548860246407863336E-16, 0.000000000000000000 ) ) ;
#2231 = EDGE_CURVE ( 'NONE', #3033, #754, #93, .T. ) ;
#2232 = FILL_AREA_STYLE ('',( #1449 ) ) ;
#2233 = ORIENTED_EDGE ( 'NONE', *, *, #2445, .T. ) ;
#2234 = LINE ( 'NONE', #602, #2071 ) ;
#2235 = ORIENTED_EDGE ( 'NONE', *, *, #1171, .T. ) ;
#2236 = DIRECTION ( 'NONE',  ( 1.000000000000000000, 0.000000000000000000, 0.000000000000000000 ) ) ;
#2237 = SURFACE_SIDE_STYLE ('',( #2810 ) ) ;
#2238 = ORIENTED_EDGE ( 'NONE', *, *, #2633, .F. ) ;
#2239 = VECTOR ( 'NONE', #113, 1000.000000000000114 ) ;
#2240 = COLOUR_RGB ( '',0.8039215686274510109, 0.8039215686274510109, 0.8039215686274510109 ) ;
#2241 = PLANE ( 'NONE',  #1588 ) ;
#2242 = CARTESIAN_POINT ( 'NONE',  ( -0.6500000000000000222, 0.3750000000000001665, 0.000000000000000000 ) ) ;
#2243 = EDGE_CURVE ( 'NONE', #1820, #1450, #1671, .T. ) ;
#2244 = VECTOR ( 'NONE', #810, 1000.000000000000000 ) ;
#2245 = COLOUR_RGB ( '',0.8039215686274510109, 0.8039215686274510109, 0.8039215686274510109 ) ;
#2246 = DIRECTION ( 'NONE',  ( -1.000000000000000000, 0.000000000000000000, 0.000000000000000000 ) ) ;
#2247 = DIRECTION ( 'NONE',  ( 1.000000000000000000, 0.000000000000000000, 0.000000000000000000 ) ) ;
#2248 = VERTEX_POINT ( 'NONE', #2713 ) ;
#2249 = PRESENTATION_STYLE_ASSIGNMENT (( #2638 ) ) ;
#2250 = AXIS2_PLACEMENT_3D ( 'NONE', #3340, #982, #323 ) ;
#2251 = ADVANCED_FACE ( 'NONE', ( #1922 ), #2172, .F. ) ;
#2252 =( GEOMETRIC_REPRESENTATION_CONTEXT ( 3 ) GLOBAL_UNCERTAINTY_ASSIGNED_CONTEXT ( ( #2626 ) ) GLOBAL_UNIT_ASSIGNED_CONTEXT ( ( #1330, #2995, #3266 ) ) REPRESENTATION_CONTEXT ( 'NONE', 'WORKASPACE' ) );
#2253 =( LENGTH_UNIT ( ) NAMED_UNIT ( * ) SI_UNIT ( .MILLI., .METRE. ) );
#2254 = ORIENTED_EDGE ( 'NONE', *, *, #3190, .F. ) ;
#2255 = PRESENTATION_STYLE_ASSIGNMENT (( #937 ) ) ;
#2256 = MECHANICAL_DESIGN_GEOMETRIC_PRESENTATION_REPRESENTATION (  '', ( #307 ), #99 ) ;
#2257 = STYLED_ITEM ( 'NONE', ( #2180 ), #3249 ) ;
#2258 = VECTOR ( 'NONE', #2400, 1000.000000000000000 ) ;
#2259 = CARTESIAN_POINT ( 'NONE',  ( -1.000000000000000000, 0.3750000000000001110, 0.07600000000000001199 ) ) ;
#2260 = DIRECTION ( 'NONE',  ( -0.000000000000000000, 0.000000000000000000, 1.000000000000000000 ) ) ;
#2261 = PRESENTATION_LAYER_ASSIGNMENT (  '', '', ( #652 ) ) ;
#2262 = SURFACE_STYLE_FILL_AREA ( #2503 ) ;
#2263 = FILL_AREA_STYLE_COLOUR ( '', #1714 ) ;
#2264 = LINE ( 'NONE', #2242, #2188 ) ;
#2265 = MECHANICAL_DESIGN_GEOMETRIC_PRESENTATION_REPRESENTATION (  '', ( #1885 ), #2313 ) ;
#2266 =( LENGTH_UNIT ( ) NAMED_UNIT ( * ) SI_UNIT ( .MILLI., .METRE. ) );
#2267 = ORIENTED_EDGE ( 'NONE', *, *, #2281, .T. ) ;
#2268 =( NAMED_UNIT ( * ) SI_UNIT ( $, .STERADIAN. ) SOLID_ANGLE_UNIT ( ) );
#2269 = ADVANCED_FACE ( 'NONE', ( #1695 ), #2272, .F. ) ;
#2270 = ORIENTED_EDGE ( 'NONE', *, *, #2243, .T. ) ;
#2271 = PLANE ( 'NONE',  #1716 ) ;
#2272 = PLANE ( 'NONE',  #2747 ) ;
#2273 = SURFACE_SIDE_STYLE ('',( #1227 ) ) ;
#2274 = SURFACE_SIDE_STYLE ('',( #2304 ) ) ;
#2275 = CARTESIAN_POINT ( 'NONE',  ( -0.6500000000000000222, -0.1249999999999998335, 0.000000000000000000 ) ) ;
#2276 = CARTESIAN_POINT ( 'NONE',  ( -0.6500000000000000222, -0.3749999999999999445, 0.07600000009233554010 ) ) ;
#2277 = CARTESIAN_POINT ( 'NONE',  ( -1.000000000000000000, 0.7499999999999997780, 0.000000000000000000 ) ) ;
#2278 = VERTEX_POINT ( 'NONE', #902 ) ;
#2279 = SURFACE_STYLE_USAGE ( .BOTH. , #2760 ) ;
#2280 = DIRECTION ( 'NONE',  ( 0.000000000000000000, 0.000000000000000000, 1.000000000000000000 ) ) ;
#2281 = EDGE_CURVE ( 'NONE', #3375, #1693, #2499, .T. ) ;
#2282 = ADVANCED_FACE ( 'NONE', ( #2750 ), #3276, .F. ) ;
#2283 = CARTESIAN_POINT ( 'NONE',  ( -0.8600000000000000977, 0.6099999999999998757, 0.4649999999999999689 ) ) ;
#2284 = CARTESIAN_POINT ( 'NONE',  ( -1.000000000000000000, -0.1249999999999998890, -0.02500000000000000139 ) ) ;
#2285 = ORIENTED_EDGE ( 'NONE', *, *, #2384, .F. ) ;
#2286 = AXIS2_PLACEMENT_3D ( 'NONE', #1906, #1067, #1848 ) ;
#2287 = MECHANICAL_DESIGN_GEOMETRIC_PRESENTATION_REPRESENTATION (  '', ( #1193 ), #1701 ) ;
#2288 =( LENGTH_UNIT ( ) NAMED_UNIT ( * ) SI_UNIT ( .MILLI., .METRE. ) );
#2289 = FILL_AREA_STYLE ('',( #175 ) ) ;
#2290 = CARTESIAN_POINT ( 'NONE',  ( 0.000000000000000000, 0.000000000000000000, 0.000000000000000000 ) ) ;
#2291 = DIRECTION ( 'NONE',  ( -1.000000000000000000, 3.097720492815726673E-16, 0.000000000000000000 ) ) ;
#2292 = VECTOR ( 'NONE', #966, 1000.000000000000000 ) ;
#2293 = CIRCLE ( 'NONE', #799, 0.02999999999999997113 ) ;
#2294 = CARTESIAN_POINT ( 'NONE',  ( -1.000000000000000000, 0.1250000000000001665, -0.02500000000000000139 ) ) ;
#2295 = VECTOR ( 'NONE', #278, 1000.000000000000000 ) ;
#2296 = VERTEX_POINT ( 'NONE', #1512 ) ;
#2297 = CARTESIAN_POINT ( 'NONE',  ( -0.3999999999999998557, 0.2500000000000000000, 0.01000000000000000021 ) ) ;
#2298 = FACE_OUTER_BOUND ( 'NONE', #2147, .T. ) ;
#2299 = STYLED_ITEM ( 'NONE', ( #991 ), #1806 ) ;
#2300 = CARTESIAN_POINT ( 'NONE',  ( 1.000000000000000000, 0.3749999999999998890, -0.02500000000000000139 ) ) ;
#2301 =( GEOMETRIC_REPRESENTATION_CONTEXT ( 3 ) GLOBAL_UNCERTAINTY_ASSIGNED_CONTEXT ( ( #1120 ) ) GLOBAL_UNIT_ASSIGNED_CONTEXT ( ( #2500, #1470, #2521 ) ) REPRESENTATION_CONTEXT ( 'NONE', 'WORKASPACE' ) );
#2302 = VECTOR ( 'NONE', #2767, 1000.000000000000000 ) ;
#2303 = STYLED_ITEM ( 'NONE', ( #2102 ), #3102 ) ;
#2304 = SURFACE_STYLE_FILL_AREA ( #453 ) ;
#2305 = EDGE_CURVE ( 'NONE', #658, #3259, #962, .T. ) ;
#2306 = ORIENTED_EDGE ( 'NONE', *, *, #2324, .F. ) ;
#2307 = MECHANICAL_DESIGN_GEOMETRIC_PRESENTATION_REPRESENTATION (  '', ( #2799 ), #3133 ) ;
#2308 = LINE ( 'NONE', #1461, #3078 ) ;
#2309 = CARTESIAN_POINT ( 'NONE',  ( 0.6500000000000000222, 0.3750000000000000000, 0.07599999997864870238 ) ) ;
#2310 = EDGE_LOOP ( 'NONE', ( #344, #909, #2164, #3371 ) ) ;
#2311 = DIRECTION ( 'NONE',  ( 0.000000000000000000, 0.000000000000000000, -1.000000000000000000 ) ) ;
#2312 = DIRECTION ( 'NONE',  ( 0.000000000000000000, -1.000000000000000000, 0.000000000000000000 ) ) ;
#2313 =( GEOMETRIC_REPRESENTATION_CONTEXT ( 3 ) GLOBAL_UNCERTAINTY_ASSIGNED_CONTEXT ( ( #2604 ) ) GLOBAL_UNIT_ASSIGNED_CONTEXT ( ( #2572, #161, #662 ) ) REPRESENTATION_CONTEXT ( 'NONE', 'WORKASPACE' ) );
#2314 = FILL_AREA_STYLE ('',( #2816 ) ) ;
#2315 = ORIENTED_EDGE ( 'NONE', *, *, #2879, .T. ) ;
#2316 = DIRECTION ( 'NONE',  ( -1.000000000000000000, 3.097720492815726673E-16, -0.000000000000000000 ) ) ;
#2317 = PRESENTATION_STYLE_ASSIGNMENT (( #2345 ) ) ;
#2318 = CARTESIAN_POINT ( 'NONE',  ( -0.9700000000000000844, 0.7199999999999997513, 0.000000000000000000 ) ) ;
#2319 = ORIENTED_EDGE ( 'NONE', *, *, #1627, .F. ) ;
#2320 = ADVANCED_FACE ( 'NONE', ( #952 ), #918, .F. ) ;
#2321 = SURFACE_STYLE_USAGE ( .BOTH. , #1595 ) ;
#2322 = DIRECTION ( 'NONE',  ( -0.000000000000000000, -1.000000000000000000, -0.000000000000000000 ) ) ;
#2323 = SURFACE_STYLE_USAGE ( .BOTH. , #2533 ) ;
#2324 = EDGE_CURVE ( 'NONE', #3303, #2439, #2058, .T. ) ;
#2325 = CARTESIAN_POINT ( 'NONE',  ( 1.000000000000000000, -0.7500000000000002220, 0.000000000000000000 ) ) ;
#2326 = VERTEX_POINT ( 'NONE', #2839 ) ;
#2327 = DIRECTION ( 'NONE',  ( -1.000000000000000000, 0.000000000000000000, 0.000000000000000000 ) ) ;
#2328 = FILL_AREA_STYLE ('',( #3126 ) ) ;
#2329 = CARTESIAN_POINT ( 'NONE',  ( 0.4000000000000001887, -0.5000000000000000000, 0.000000000000000000 ) ) ;
#2330 = DIRECTION ( 'NONE',  ( 0.000000000000000000, 0.000000000000000000, -1.000000000000000000 ) ) ;
#2331 = SURFACE_SIDE_STYLE ('',( #270 ) ) ;
#2332 = PRESENTATION_STYLE_ASSIGNMENT (( #1591 ) ) ;
#2333 = ORIENTED_EDGE ( 'NONE', *, *, #2573, .F. ) ;
#2334 = LINE ( 'NONE', #474, #2666 ) ;
#2335 = CARTESIAN_POINT ( 'NONE',  ( 0.9700000000000000844, 0.000000000000000000, 0.4449999999999999512 ) ) ;
#2336 = EDGE_CURVE ( 'NONE', #2056, #2480, #775, .T. ) ;
#2337 = COLOUR_RGB ( '',0.2862745098039215508, 0.2862745098039215508, 0.2862745098039215508 ) ;
#2338 = PRESENTATION_STYLE_ASSIGNMENT (( #1854 ) ) ;
#2339 = ORIENTED_EDGE ( 'NONE', *, *, #1318, .T. ) ;
#2340 = EDGE_CURVE ( 'NONE', #2485, #2847, #215, .T. ) ;
#2341 = VECTOR ( 'NONE', #853, 1000.000000000000000 ) ;
#2342 = CARTESIAN_POINT ( 'NONE',  ( -1.000000000000000000, -0.1249999999999998890, 0.07600000000000001199 ) ) ;
#2343 = AXIS2_PLACEMENT_3D ( 'NONE', #2283, #3034, #3049 ) ;
#2344 = PRESENTATION_LAYER_ASSIGNMENT (  '', '', ( #964 ) ) ;
#2345 = SURFACE_STYLE_USAGE ( .BOTH. , #463 ) ;
#2346 = CARTESIAN_POINT ( 'NONE',  ( -1.000000000000000000, 0.3750000000000001110, 0.07600000000000001199 ) ) ;
#2347 = AXIS2_PLACEMENT_3D ( 'NONE', #2667, #1046, #2882 ) ;
#2348 = PRESENTATION_LAYER_ASSIGNMENT (  '', '', ( #1021 ) ) ;
#2349 = COLOUR_RGB ( '',0.8039215686274510109, 0.8039215686274510109, 0.8039215686274510109 ) ;
#2350 = DIRECTION ( 'NONE',  ( 0.000000000000000000, 0.000000000000000000, -1.000000000000000000 ) ) ;
#2351 = UNCERTAINTY_MEASURE_WITH_UNIT (LENGTH_MEASURE( 1.000000000000000082E-05 ), #1194, 'distance_accuracy_value', 'NONE');
#2352 = LINE ( 'NONE', #2589, #2976 ) ;
#2353 = VECTOR ( 'NONE', #1973, 1000.000000000000000 ) ;
#2354 = EDGE_LOOP ( 'NONE', ( #3272, #271, #1993, #2014 ) ) ;
#2355 = VECTOR ( 'NONE', #636, 1000.000000000000000 ) ;
#2356 = STYLED_ITEM ( 'NONE', ( #2762 ), #2269 ) ;
#2357 = CARTESIAN_POINT ( 'NONE',  ( -0.9150000000000001465, 0.6099999999999998757, 0.4649999999999999689 ) ) ;
#2358 = PRESENTATION_STYLE_ASSIGNMENT (( #2815 ) ) ;
#2359 = VECTOR ( 'NONE', #1891, 1000.000000000000000 ) ;
#2360 = FILL_AREA_STYLE ('',( #260 ) ) ;
#2361 = EDGE_LOOP ( 'NONE', ( #2124, #1738, #1882 ) ) ;
#2362 = VECTOR ( 'NONE', #3206, 1000.000000000000000 ) ;
#2363 = PRESENTATION_STYLE_ASSIGNMENT (( #2583 ) ) ;
#2364 = ADVANCED_FACE ( 'NONE', ( #2298 ), #3104, .F. ) ;
#2365 = CARTESIAN_POINT ( 'NONE',  ( -0.8050000000000000488, 0.6099999999999998757, 0.4649999999999999689 ) ) ;
#2366 = DIRECTION ( 'NONE',  ( -1.000000000000000000, 3.097720492815727166E-16, 0.000000000000000000 ) ) ;
#2367 = LINE ( 'NONE', #1049, #1254 ) ;
#2368 = PLANE ( 'NONE',  #1372 ) ;
#2369 = DIRECTION ( 'NONE',  ( -0.000000000000000000, 0.000000000000000000, 1.000000000000000000 ) ) ;
#2370 = ORIENTED_EDGE ( 'NONE', *, *, #2684, .T. ) ;
#2371 =( NAMED_UNIT ( * ) SI_UNIT ( $, .STERADIAN. ) SOLID_ANGLE_UNIT ( ) );
#2372 = DIRECTION ( 'NONE',  ( 1.000000000000000000, 0.000000000000000000, -0.000000000000000000 ) ) ;
#2373 = CARTESIAN_POINT ( 'NONE',  ( 0.9700000000000000844, -0.7200000000000003064, 0.4749999999999999778 ) ) ;
#2374 =( NAMED_UNIT ( * ) SI_UNIT ( $, .STERADIAN. ) SOLID_ANGLE_UNIT ( ) );
#2375 = EDGE_LOOP ( 'NONE', ( #3045, #1554, #179, #2680 ) ) ;
#2376 =( LENGTH_UNIT ( ) NAMED_UNIT ( * ) SI_UNIT ( .MILLI., .METRE. ) );
#2377 = CARTESIAN_POINT ( 'NONE',  ( 0.000000000000000000, 0.000000000000000000, 0.01000000000000000021 ) ) ;
#2378 = VERTEX_POINT ( 'NONE', #2075 ) ;
#2379 = DIRECTION ( 'NONE',  ( 0.000000000000000000, 0.000000000000000000, -1.000000000000000000 ) ) ;
#2380 =( NAMED_UNIT ( * ) PLANE_ANGLE_UNIT ( ) SI_UNIT ( $, .RADIAN. ) );
#2381 = EDGE_CURVE ( 'NONE', #300, #768, #977, .T. ) ;
#2382 = SURFACE_STYLE_USAGE ( .BOTH. , #2331 ) ;
#2383 = CYLINDRICAL_SURFACE ( 'NONE', #1152, 0.02999999999999997113 ) ;
#2384 = EDGE_CURVE ( 'NONE', #2326, #2609, #3343, .T. ) ;
#2385 = ORIENTED_EDGE ( 'NONE', *, *, #1791, .T. ) ;
#2386 = DIRECTION ( 'NONE',  ( 1.000000000000000000, 1.548860246407863336E-16, 0.000000000000000000 ) ) ;
#2387 = LINE ( 'NONE', #551, #23 ) ;
#2388 = LINE ( 'NONE', #1571, #1562 ) ;
#2389 = FACE_OUTER_BOUND ( 'NONE', #3072, .T. ) ;
#2390 = ORIENTED_EDGE ( 'NONE', *, *, #263, .F. ) ;
#2391 = LINE ( 'NONE', #1082, #416 ) ;
#2392 = UNCERTAINTY_MEASURE_WITH_UNIT (LENGTH_MEASURE( 1.000000000000000082E-05 ), #1446, 'distance_accuracy_value', 'NONE');
#2393 = CARTESIAN_POINT ( 'NONE',  ( 0.6500000000000000222, 0.1250000000000000555, -0.02500000000000000139 ) ) ;
#2394 = PRESENTATION_LAYER_ASSIGNMENT (  '', '', ( #2781 ) ) ;
#2395 = ORIENTED_EDGE ( 'NONE', *, *, #1323, .F. ) ;
#2396 =( NAMED_UNIT ( * ) SI_UNIT ( $, .STERADIAN. ) SOLID_ANGLE_UNIT ( ) );
#2397 = DIRECTION ( 'NONE',  ( 4.646580739223590009E-16, -1.000000000000000000, 0.000000000000000000 ) ) ;
#2398 = UNCERTAINTY_MEASURE_WITH_UNIT (LENGTH_MEASURE( 1.000000000000000082E-05 ), #500, 'distance_accuracy_value', 'NONE');
#2399 = PRESENTATION_LAYER_ASSIGNMENT (  '', '', ( #361 ) ) ;
#2400 = DIRECTION ( 'NONE',  ( -1.000000000000000000, -4.646580739223590009E-16, 0.000000000000000000 ) ) ;
#2401 = COLOUR_RGB ( '',0.8039215686274510109, 0.8039215686274510109, 0.8039215686274510109 ) ;
#2402 = SURFACE_SIDE_STYLE ('',( #2728 ) ) ;
#2403 = ORIENTED_EDGE ( 'NONE', *, *, #1276, .F. ) ;
#2404 = COLOUR_RGB ( '',0.2862745098039215508, 0.2862745098039215508, 0.2862745098039215508 ) ;
#2405 = ADVANCED_FACE ( 'NONE', ( #3387 ), #1542, .T. ) ;
#2406 = DIRECTION ( 'NONE',  ( -0.000000000000000000, -1.000000000000000000, -0.000000000000000000 ) ) ;
#2407 = FILL_AREA_STYLE_COLOUR ( '', #462 ) ;
#2408 = CARTESIAN_POINT ( 'NONE',  ( 0.6500000000000000222, 0.1250000000000000555, -0.02500000000000000139 ) ) ;
#2409 = PRESENTATION_LAYER_ASSIGNMENT (  '', '', ( #3383 ) ) ;
#2410 = DIRECTION ( 'NONE',  ( -0.000000000000000000, -0.000000000000000000, -1.000000000000000000 ) ) ;
#2411 = PLANE ( 'NONE',  #2195 ) ;
#2412 = ORIENTED_EDGE ( 'NONE', *, *, #2949, .T. ) ;
#2413 = PRESENTATION_LAYER_ASSIGNMENT (  '', '', ( #1028 ) ) ;
#2414 = COLOUR_RGB ( '',0.2862745098039215508, 0.2862745098039215508, 0.2862745098039215508 ) ;
#2415 = AXIS2_PLACEMENT_3D ( 'NONE', #1751, #715, #2246 ) ;
#2416 =( LENGTH_UNIT ( ) NAMED_UNIT ( * ) SI_UNIT ( .MILLI., .METRE. ) );
#2417 = VERTEX_POINT ( 'NONE', #13 ) ;
#2418 = SURFACE_SIDE_STYLE ('',( #3042 ) ) ;
#2419 = UNCERTAINTY_MEASURE_WITH_UNIT (LENGTH_MEASURE( 1.000000000000000082E-05 ), #3345, 'distance_accuracy_value', 'NONE');
#2420 = SURFACE_STYLE_FILL_AREA ( #3200 ) ;
#2421 = UNCERTAINTY_MEASURE_WITH_UNIT (LENGTH_MEASURE( 1.000000000000000082E-05 ), #1809, 'distance_accuracy_value', 'NONE');
#2422 = CARTESIAN_POINT ( 'NONE',  ( 0.4000000000000001887, -0.5000000000000000000, 0.01000000000000000021 ) ) ;
#2423 = ORIENTED_EDGE ( 'NONE', *, *, #2433, .T. ) ;
#2424 = SURFACE_SIDE_STYLE ('',( #549 ) ) ;
#2425 = PLANE ( 'NONE',  #3110 ) ;
#2426 = DIRECTION ( 'NONE',  ( -0.000000000000000000, -0.000000000000000000, -1.000000000000000000 ) ) ;
#2427 = ADVANCED_FACE ( 'NONE', ( #2673 ), #2757, .F. ) ;
#2428 = FILL_AREA_STYLE ('',( #1950 ) ) ;
#2429 = UNCERTAINTY_MEASURE_WITH_UNIT (LENGTH_MEASURE( 1.000000000000000082E-05 ), #3261, 'distance_accuracy_value', 'NONE');
#2430 = ORIENTED_EDGE ( 'NONE', *, *, #2305, .F. ) ;
#2431 = APPLICATION_CONTEXT ( 'automotive_design' ) ;
#2432 = PRESENTATION_STYLE_ASSIGNMENT (( #2691 ) ) ;
#2433 = EDGE_CURVE ( 'NONE', #1394, #2478, #545, .T. ) ;
#2434 = CARTESIAN_POINT ( 'NONE',  ( -1.000000000000000000, 0.3750000000000001110, 0.07600000000000001199 ) ) ;
#2435 = ORIENTED_EDGE ( 'NONE', *, *, #313, .T. ) ;
#2436 = PLANE ( 'NONE',  #2848 ) ;
#2437 = CARTESIAN_POINT ( 'NONE',  ( 1.000000000000000000, -0.1250000000000001388, 0.07600000000000001199 ) ) ;
#2438 = UNCERTAINTY_MEASURE_WITH_UNIT (LENGTH_MEASURE( 1.000000000000000082E-05 ), #2376, 'distance_accuracy_value', 'NONE');
#2439 = VERTEX_POINT ( 'NONE', #392 ) ;
#2440 = CARTESIAN_POINT ( 'NONE',  ( -1.000000000000000000, -0.3749999999999998335, -0.02500000000000000139 ) ) ;
#2441 = SURFACE_STYLE_FILL_AREA ( #2733 ) ;
#2442 = SURFACE_STYLE_USAGE ( .BOTH. , #2982 ) ;
#2443 = SURFACE_SIDE_STYLE ('',( #373 ) ) ;
#2444 = ORIENTED_EDGE ( 'NONE', *, *, #2949, .F. ) ;
#2445 = EDGE_CURVE ( 'NONE', #3307, #2609, #2975, .T. ) ;
#2446 = ORIENTED_EDGE ( 'NONE', *, *, #2483, .T. ) ;
#2447 = VECTOR ( 'NONE', #1702, 1000.000000000000000 ) ;
#2448 = SURFACE_STYLE_USAGE ( .BOTH. , #2676 ) ;
#2449 = LINE ( 'NONE', #1130, #1661 ) ;
#2450 = PRESENTATION_LAYER_ASSIGNMENT (  '', '', ( #86 ) ) ;
#2451 = ORIENTED_EDGE ( 'NONE', *, *, #1338, .T. ) ;
#2452 = LINE ( 'NONE', #1961, #2341 ) ;
#2453 = LINE ( 'NONE', #1976, #1150 ) ;
#2454 = DIRECTION ( 'NONE',  ( 0.000000000000000000, 1.000000000000000000, 0.000000000000000000 ) ) ;
#2455 = FACE_OUTER_BOUND ( 'NONE', #2361, .T. ) ;
#2456 = UNCERTAINTY_MEASURE_WITH_UNIT (LENGTH_MEASURE( 1.000000000000000082E-05 ), #3038, 'distance_accuracy_value', 'NONE');
#2457 = ORIENTED_EDGE ( 'NONE', *, *, #543, .T. ) ;
#2458 = FACE_OUTER_BOUND ( 'NONE', #2731, .T. ) ;
#2459 = PRESENTATION_LAYER_ASSIGNMENT (  '', '', ( #2202 ) ) ;
#2460 = PRESENTATION_LAYER_ASSIGNMENT (  '', '', ( #196 ) ) ;
#2461 =( NAMED_UNIT ( * ) PLANE_ANGLE_UNIT ( ) SI_UNIT ( $, .RADIAN. ) );
#2462 = PRESENTATION_LAYER_ASSIGNMENT (  '', '', ( #2844 ) ) ;
#2463 =( NAMED_UNIT ( * ) PLANE_ANGLE_UNIT ( ) SI_UNIT ( $, .RADIAN. ) );
#2464 = ORIENTED_EDGE ( 'NONE', *, *, #2705, .T. ) ;
#2465 =( GEOMETRIC_REPRESENTATION_CONTEXT ( 3 ) GLOBAL_UNCERTAINTY_ASSIGNED_CONTEXT ( ( #282 ) ) GLOBAL_UNIT_ASSIGNED_CONTEXT ( ( #3344, #2566, #984 ) ) REPRESENTATION_CONTEXT ( 'NONE', 'WORKASPACE' ) );
#2466 = LINE ( 'NONE', #635, #2190 ) ;
#2467 = DIRECTION ( 'NONE',  ( -1.000000000000000000, 3.872150616019658834E-16, 0.000000000000000000 ) ) ;
#2468 = UNCERTAINTY_MEASURE_WITH_UNIT (LENGTH_MEASURE( 1.000000000000000082E-05 ), #1467, 'distance_accuracy_value', 'NONE');
#2469 =( GEOMETRIC_REPRESENTATION_CONTEXT ( 3 ) GLOBAL_UNCERTAINTY_ASSIGNED_CONTEXT ( ( #51 ) ) GLOBAL_UNIT_ASSIGNED_CONTEXT ( ( #2266, #3330, #442 ) ) REPRESENTATION_CONTEXT ( 'NONE', 'WORKASPACE' ) );
#2470 = COLOUR_RGB ( '',0.2862745098039215508, 0.2862745098039215508, 0.2862745098039215508 ) ;
#2471 = VECTOR ( 'NONE', #1045, 1000.000000000000000 ) ;
#2472 = VERTEX_POINT ( 'NONE', #1464 ) ;
#2473 = ADVANCED_FACE ( 'NONE', ( #2494 ), #2436, .F. ) ;
#2474 = CARTESIAN_POINT ( 'NONE',  ( 0.4000000000000001887, -0.5000000000000000000, 0.01000000000000000021 ) ) ;
#2475 = DIRECTION ( 'NONE',  ( 3.097720492815726673E-16, 1.000000000000000000, 0.000000000000000000 ) ) ;
#2476 = ORIENTED_EDGE ( 'NONE', *, *, #3003, .T. ) ;
#2477 = SURFACE_STYLE_USAGE ( .BOTH. , #2443 ) ;
#2478 = VERTEX_POINT ( 'NONE', #3054 ) ;
#2479 = FILL_AREA_STYLE ('',( #1147 ) ) ;
#2480 = VERTEX_POINT ( 'NONE', #677 ) ;
#2481 = CARTESIAN_POINT ( 'NONE',  ( 0.4000000000000001887, 0.5000000000000000000, 0.01000000000000000021 ) ) ;
#2482 = PRESENTATION_STYLE_ASSIGNMENT (( #938 ) ) ;
#2483 = EDGE_CURVE ( 'NONE', #768, #153, #993, .T. ) ;
#2484 = PRESENTATION_STYLE_ASSIGNMENT (( #919 ) ) ;
#2485 = VERTEX_POINT ( 'NONE', #2276 ) ;
#2486 = SURFACE_STYLE_USAGE ( .BOTH. , #418 ) ;
#2487 = SURFACE_STYLE_FILL_AREA ( #2019 ) ;
#2488 = EDGE_CURVE ( 'NONE', #713, #101, #2546, .T. ) ;
#2489 = CARTESIAN_POINT ( 'NONE',  ( -1.000000000000000000, -0.7500000000000002220, 0.4749999999999999778 ) ) ;
#2490 = APPLICATION_CONTEXT ( 'automotive_design' ) ;
#2491 = FILL_AREA_STYLE_COLOUR ( '', #1215 ) ;
#2492 =( NAMED_UNIT ( * ) PLANE_ANGLE_UNIT ( ) SI_UNIT ( $, .RADIAN. ) );
#2493 = ORIENTED_EDGE ( 'NONE', *, *, #1734, .F. ) ;
#2494 = FACE_OUTER_BOUND ( 'NONE', #66, .T. ) ;
#2495 = SURFACE_STYLE_USAGE ( .BOTH. , #406 ) ;
#2496 = DIRECTION ( 'NONE',  ( -1.548860246407863336E-16, 1.000000000000000000, 0.000000000000000000 ) ) ;
#2497 = ORIENTED_EDGE ( 'NONE', *, *, #3324, .T. ) ;
#2498 = FILL_AREA_STYLE_COLOUR ( '', #2245 ) ;
#2499 = LINE ( 'NONE', #1763, #1994 ) ;
#2500 =( LENGTH_UNIT ( ) NAMED_UNIT ( * ) SI_UNIT ( .MILLI., .METRE. ) );
#2501 = ORIENTED_EDGE ( 'NONE', *, *, #539, .F. ) ;
#2502 = MECHANICAL_DESIGN_GEOMETRIC_PRESENTATION_REPRESENTATION (  '', ( #2614 ), #1419 ) ;
#2503 = FILL_AREA_STYLE ('',( #2007 ) ) ;
#2504 = FILL_AREA_STYLE_COLOUR ( '', #2743 ) ;
#2505 =( GEOMETRIC_REPRESENTATION_CONTEXT ( 3 ) GLOBAL_UNCERTAINTY_ASSIGNED_CONTEXT ( ( #55 ) ) GLOBAL_UNIT_ASSIGNED_CONTEXT ( ( #781, #2107, #3165 ) ) REPRESENTATION_CONTEXT ( 'NONE', 'WORKASPACE' ) );
#2506 = MECHANICAL_DESIGN_GEOMETRIC_PRESENTATION_REPRESENTATION (  '', ( #3327 ), #2886 ) ;
#2507 = EDGE_CURVE ( 'NONE', #326, #521, #211, .T. ) ;
#2508 = VECTOR ( 'NONE', #227, 1000.000000000000000 ) ;
#2509 = PRESENTATION_LAYER_ASSIGNMENT (  '', '', ( #91 ) ) ;
#2510 = DIRECTION ( 'NONE',  ( -0.000000000000000000, -0.000000000000000000, -1.000000000000000000 ) ) ;
#2511 = ORIENTED_EDGE ( 'NONE', *, *, #423, .F. ) ;
#2512 =( NAMED_UNIT ( * ) PLANE_ANGLE_UNIT ( ) SI_UNIT ( $, .RADIAN. ) );
#2513 = COLOUR_RGB ( '',0.8039215686274510109, 0.8039215686274510109, 0.8039215686274510109 ) ;
#2514 = VECTOR ( 'NONE', #1442, 1000.000000000000000 ) ;
#2515 = LINE ( 'NONE', #448, #2737 ) ;
#2516 = ORIENTED_EDGE ( 'NONE', *, *, #283, .T. ) ;
#2517 = AXIS2_PLACEMENT_3D ( 'NONE', #777, #268, #3127 ) ;
#2518 = CIRCLE ( 'NONE', #1379, 0.05500000000000003497 ) ;
#2519 = STYLED_ITEM ( 'NONE', ( #3355 ), #2405 ) ;
#2520 = SURFACE_SIDE_STYLE ('',( #156 ) ) ;
#2521 =( NAMED_UNIT ( * ) SI_UNIT ( $, .STERADIAN. ) SOLID_ANGLE_UNIT ( ) );
#2522 =( GEOMETRIC_REPRESENTATION_CONTEXT ( 3 ) GLOBAL_UNCERTAINTY_ASSIGNED_CONTEXT ( ( #1367 ) ) GLOBAL_UNIT_ASSIGNED_CONTEXT ( ( #347, #880, #64 ) ) REPRESENTATION_CONTEXT ( 'NONE', 'WORKASPACE' ) );
#2523 = MECHANICAL_DESIGN_GEOMETRIC_PRESENTATION_REPRESENTATION (  '', ( #1669 ), #1996 ) ;
#2524 = MECHANICAL_DESIGN_GEOMETRIC_PRESENTATION_REPRESENTATION (  '', ( #2094 ), #424 ) ;
#2525 = DIRECTION ( 'NONE',  ( 1.000000000000000000, -3.872150616019658341E-16, -0.000000000000000000 ) ) ;
#2526 = SURFACE_STYLE_USAGE ( .BOTH. , #172 ) ;
#2527 = MECHANICAL_DESIGN_GEOMETRIC_PRESENTATION_REPRESENTATION (  '', ( #1221 ), #1508 ) ;
#2528 = DIRECTION ( 'NONE',  ( 0.000000000000000000, 1.000000000000000000, 0.000000000000000000 ) ) ;
#2529 = LINE ( 'NONE', #743, #2940 ) ;
#2530 = AXIS2_PLACEMENT_3D ( 'NONE', #1041, #3, #742 ) ;
#2531 = FACE_OUTER_BOUND ( 'NONE', #3090, .T. ) ;
#2532 = PLANE ( 'NONE',  #144 ) ;
#2533 = SURFACE_SIDE_STYLE ('',( #3351 ) ) ;
#2534 = EDGE_CURVE ( 'NONE', #2480, #2795, #1777, .T. ) ;
#2535 = DIRECTION ( 'NONE',  ( -1.000000000000000000, 0.000000000000000000, 0.000000000000000000 ) ) ;
#2536 = EDGE_LOOP ( 'NONE', ( #2476, #832, #2921, #693 ) ) ;
#2537 = EDGE_CURVE ( 'NONE', #1172, #2847, #1531, .T. ) ;
#2538 = CARTESIAN_POINT ( 'NONE',  ( 0.9700000000000000844, 0.7199999999999998623, 0.4449999999999999512 ) ) ;
#2539 = DIRECTION ( 'NONE',  ( -0.000000000000000000, -0.000000000000000000, 1.000000000000000000 ) ) ;
#2540 = SURFACE_STYLE_USAGE ( .BOTH. , #2237 ) ;
#2541 = PLANE ( 'NONE',  #2610 ) ;
#2542 = CARTESIAN_POINT ( 'NONE',  ( 1.000000000000000000, -0.1250000000000001388, 0.07600000009233554010 ) ) ;
#2543 = ORIENTED_EDGE ( 'NONE', *, *, #67, .F. ) ;
#2544 = PLANE ( 'NONE',  #2901 ) ;
#2545 = CARTESIAN_POINT ( 'NONE',  ( -0.9150000000000001465, 0.6099999999999998757, 0.4649999999999999689 ) ) ;
#2546 = LINE ( 'NONE', #718, #818 ) ;
#2547 = DIRECTION ( 'NONE',  ( 0.000000000000000000, 1.000000000000000000, 0.000000000000000000 ) ) ;
#2548 = ORIENTED_EDGE ( 'NONE', *, *, #1323, .T. ) ;
#2549 = ADVANCED_FACE ( 'NONE', ( #1483, #2791 ), #3069, .T. ) ;
#2550 = FILL_AREA_STYLE_COLOUR ( '', #151 ) ;
#2551 = PLANE ( 'NONE',  #3275 ) ;
#2552 = SURFACE_STYLE_FILL_AREA ( #3323 ) ;
#2553 = CARTESIAN_POINT ( 'NONE',  ( -0.1499999999999998557, 0.5000000000000000000, 0.01000000000000000021 ) ) ;
#2554 = DIRECTION ( 'NONE',  ( 0.000000000000000000, 0.000000000000000000, 1.000000000000000000 ) ) ;
#2555 = ORIENTED_EDGE ( 'NONE', *, *, #3349, .F. ) ;
#2556 = CIRCLE ( 'NONE', #2726, 0.02999999999999997113 ) ;
#2557 = COLOUR_RGB ( '',0.8039215686274510109, 0.8039215686274510109, 0.8039215686274510109 ) ;
#2558 = CARTESIAN_POINT ( 'NONE',  ( -1.000000000000000000, -0.3749999999999998335, -0.02500000000000000139 ) ) ;
#2559 = MECHANICAL_DESIGN_GEOMETRIC_PRESENTATION_REPRESENTATION (  '', ( #2135 ), #1145 ) ;
#2560 = SURFACE_STYLE_FILL_AREA ( #2314 ) ;
#2561 = PRESENTATION_LAYER_ASSIGNMENT (  '', '', ( #802 ) ) ;
#2562 = COLOUR_RGB ( '',0.2862745098039215508, 0.2862745098039215508, 0.2862745098039215508 ) ;
#2563 = ORIENTED_EDGE ( 'NONE', *, *, #2305, .T. ) ;
#2564 =( LENGTH_UNIT ( ) NAMED_UNIT ( * ) SI_UNIT ( .MILLI., .METRE. ) );
#2565 =( GEOMETRIC_REPRESENTATION_CONTEXT ( 3 ) GLOBAL_UNCERTAINTY_ASSIGNED_CONTEXT ( ( #2859 ) ) GLOBAL_UNIT_ASSIGNED_CONTEXT ( ( #1462, #838, #65 ) ) REPRESENTATION_CONTEXT ( 'NONE', 'WORKASPACE' ) );
#2566 =( NAMED_UNIT ( * ) PLANE_ANGLE_UNIT ( ) SI_UNIT ( $, .RADIAN. ) );
#2567 = MECHANICAL_DESIGN_GEOMETRIC_PRESENTATION_REPRESENTATION (  '', ( #2299 ), #475 ) ;
#2568 = SURFACE_STYLE_USAGE ( .BOTH. , #1543 ) ;
#2569 = CARTESIAN_POINT ( 'NONE',  ( -0.9700000000000000844, 0.000000000000000000, 0.4449999999999999512 ) ) ;
#2570 = ADVANCED_FACE ( 'NONE', ( #1786 ), #1503, .T. ) ;
#2571 = AXIS2_PLACEMENT_3D ( 'NONE', #388, #923, #674 ) ;
#2572 =( LENGTH_UNIT ( ) NAMED_UNIT ( * ) SI_UNIT ( .MILLI., .METRE. ) );
#2573 = EDGE_CURVE ( 'NONE', #358, #3132, #2878, .T. ) ;
#2574 = VECTOR ( 'NONE', #498, 1000.000000000000000 ) ;
#2575 = LINE ( 'NONE', #1815, #1750 ) ;
#2576 = ORIENTED_EDGE ( 'NONE', *, *, #3380, .T. ) ;
#2577 = PRESENTATION_LAYER_ASSIGNMENT (  '', '', ( #378 ) ) ;
#2578 = CARTESIAN_POINT ( 'NONE',  ( -1.000000000000000000, -0.1249999999999998890, 0.07600000009233554010 ) ) ;
#2579 = ORIENTED_EDGE ( 'NONE', *, *, #696, .F. ) ;
#2580 = CARTESIAN_POINT ( 'NONE',  ( -0.6500000000000000222, 0.1250000000000000555, -0.02500000000000000139 ) ) ;
#2581 = DIRECTION ( 'NONE',  ( 0.000000000000000000, -0.000000000000000000, -1.000000000000000000 ) ) ;
#2582 = ORIENTED_EDGE ( 'NONE', *, *, #2764, .T. ) ;
#2583 = SURFACE_STYLE_USAGE ( .BOTH. , #2819 ) ;
#2584 = CARTESIAN_POINT ( 'NONE',  ( -0.6500000000000000222, -0.1249999999999998335, 0.07600000000000001199 ) ) ;
#2585 = SURFACE_STYLE_FILL_AREA ( #1565 ) ;
#2586 = EDGE_CURVE ( 'NONE', #2904, #1172, #2648, .T. ) ;
#2587 = DIRECTION ( 'NONE',  ( 0.000000000000000000, 0.000000000000000000, 1.000000000000000000 ) ) ;
#2588 = UNCERTAINTY_MEASURE_WITH_UNIT (LENGTH_MEASURE( 1.000000000000000082E-05 ), #995, 'distance_accuracy_value', 'NONE');
#2589 = CARTESIAN_POINT ( 'NONE',  ( 0.6500000000000000222, 0.3750000000000000000, 0.000000000000000000 ) ) ;
#2590 = ORIENTED_EDGE ( 'NONE', *, *, #2281, .F. ) ;
#2591 = EDGE_CURVE ( 'NONE', #575, #1825, #981, .T. ) ;
#2592 = CARTESIAN_POINT ( 'NONE',  ( -0.8600000000000000977, 0.6099999999999998757, 0.4649999999999999689 ) ) ;
#2593 = ORIENTED_EDGE ( 'NONE', *, *, #3349, .T. ) ;
#2594 = PLANE ( 'NONE',  #53 ) ;
#2595 = ORIENTED_EDGE ( 'NONE', *, *, #672, .T. ) ;
#2596 = FACE_OUTER_BOUND ( 'NONE', #2204, .T. ) ;
#2597 = CARTESIAN_POINT ( 'NONE',  ( 0.9700000000000000844, -0.7200000000000003064, 0.000000000000000000 ) ) ;
#2598 = PLANE ( 'NONE',  #1301 ) ;
#2599 =( NAMED_UNIT ( * ) SI_UNIT ( $, .STERADIAN. ) SOLID_ANGLE_UNIT ( ) );
#2600 = FILL_AREA_STYLE_COLOUR ( '', #480 ) ;
#2601 = ORIENTED_EDGE ( 'NONE', *, *, #382, .T. ) ;
#2602 = FILL_AREA_STYLE ('',( #2407 ) ) ;
#2603 = LINE ( 'NONE', #3335, #1192 ) ;
#2604 = UNCERTAINTY_MEASURE_WITH_UNIT (LENGTH_MEASURE( 1.000000000000000082E-05 ), #2572, 'distance_accuracy_value', 'NONE');
#2605 = EDGE_CURVE ( 'NONE', #2296, #2095, #3376, .T. ) ;
#2606 = PRESENTATION_LAYER_ASSIGNMENT (  '', '', ( #419 ) ) ;
#2607 = VECTOR ( 'NONE', #389, 1000.000000000000000 ) ;
#2608 = DIRECTION ( 'NONE',  ( 0.000000000000000000, -0.000000000000000000, 1.000000000000000000 ) ) ;
#2609 = VERTEX_POINT ( 'NONE', #2373 ) ;
#2610 = AXIS2_PLACEMENT_3D ( 'NONE', #1514, #3265, #905 ) ;
#2611 = CARTESIAN_POINT ( 'NONE',  ( 0.000000000000000000, 0.7199999999999998623, 0.4749999999999999778 ) ) ;
#2612 = CIRCLE ( 'NONE', #3278, 0.02999999999999997113 ) ;
#2613 = COLOUR_RGB ( '',0.2862745098039215508, 0.2862745098039215508, 0.2862745098039215508 ) ;
#2614 = STYLED_ITEM ( 'NONE', ( #2026 ), #758 ) ;
#2615 = SURFACE_STYLE_USAGE ( .BOTH. , #1060 ) ;
#2616 =( NAMED_UNIT ( * ) SI_UNIT ( $, .STERADIAN. ) SOLID_ANGLE_UNIT ( ) );
#2617 = DIRECTION ( 'NONE',  ( -1.000000000000000000, 0.000000000000000000, 0.000000000000000000 ) ) ;
#2618 = PRESENTATION_LAYER_ASSIGNMENT (  '', '', ( #691 ) ) ;
#2619 = AXIS2_PLACEMENT_3D ( 'NONE', #2646, #502, #1581 ) ;
#2620 = FACE_OUTER_BOUND ( 'NONE', #3242, .T. ) ;
#2621 =( LENGTH_UNIT ( ) NAMED_UNIT ( * ) SI_UNIT ( .MILLI., .METRE. ) );
#2622 =( GEOMETRIC_REPRESENTATION_CONTEXT ( 3 ) GLOBAL_UNCERTAINTY_ASSIGNED_CONTEXT ( ( #2985 ) ) GLOBAL_UNIT_ASSIGNED_CONTEXT ( ( #1184, #452, #1732 ) ) REPRESENTATION_CONTEXT ( 'NONE', 'WORKASPACE' ) );
#2623 = DIRECTION ( 'NONE',  ( -0.000000000000000000, -0.000000000000000000, -1.000000000000000000 ) ) ;
#2624 = ORIENTED_EDGE ( 'NONE', *, *, #2445, .F. ) ;
#2625 = STYLED_ITEM ( 'NONE', ( #1339 ), #2145 ) ;
#2626 = UNCERTAINTY_MEASURE_WITH_UNIT (LENGTH_MEASURE( 1.000000000000000082E-05 ), #1330, 'distance_accuracy_value', 'NONE');
#2627 =( NAMED_UNIT ( * ) PLANE_ANGLE_UNIT ( ) SI_UNIT ( $, .RADIAN. ) );
#2628 =( GEOMETRIC_REPRESENTATION_CONTEXT ( 3 ) GLOBAL_UNCERTAINTY_ASSIGNED_CONTEXT ( ( #2641 ) ) GLOBAL_UNIT_ASSIGNED_CONTEXT ( ( #2005, #3047, #122 ) ) REPRESENTATION_CONTEXT ( 'NONE', 'WORKASPACE' ) );
#2629 = SURFACE_STYLE_USAGE ( .BOTH. , #1597 ) ;
#2630 = CARTESIAN_POINT ( 'NONE',  ( -0.9150000000000001465, 0.6099999999999998757, 0.4649999999999999689 ) ) ;
#2631 =( LENGTH_UNIT ( ) NAMED_UNIT ( * ) SI_UNIT ( .MILLI., .METRE. ) );
#2632 = AXIS2_PLACEMENT_3D ( 'NONE', #1406, #837, #3207 ) ;
#2633 = EDGE_CURVE ( 'NONE', #2472, #2765, #801, .T. ) ;
#2634 = ORIENTED_EDGE ( 'NONE', *, *, #1263, .T. ) ;
#2635 = LINE ( 'NONE', #828, #1544 ) ;
#2636 = ADVANCED_FACE ( 'NONE', ( #770 ), #258, .F. ) ;
#2637 = ORIENTED_EDGE ( 'NONE', *, *, #1171, .F. ) ;
#2638 = SURFACE_STYLE_USAGE ( .BOTH. , #2152 ) ;
#2639 = CARTESIAN_POINT ( 'NONE',  ( -0.3999999999999998557, 0.2500000000000000000, -0.02500000000000000139 ) ) ;
#2640 = FILL_AREA_STYLE_COLOUR ( '', #2959 ) ;
#2641 = UNCERTAINTY_MEASURE_WITH_UNIT (LENGTH_MEASURE( 1.000000000000000082E-05 ), #2005, 'distance_accuracy_value', 'NONE');
#2642 = FACE_OUTER_BOUND ( 'NONE', #1915, .T. ) ;
#2643 = SURFACE_STYLE_USAGE ( .BOTH. , #1065 ) ;
#2644 = LINE ( 'NONE', #1341, #1066 ) ;
#2645 = ORIENTED_EDGE ( 'NONE', *, *, #1627, .T. ) ;
#2646 = CARTESIAN_POINT ( 'NONE',  ( -0.3999999999999998557, -0.5000000000000000000, -0.02500000000000000139 ) ) ;
#2647 = DIRECTION ( 'NONE',  ( -1.000000000000000000, 3.872150616019658834E-16, 0.000000000000000000 ) ) ;
#2648 = LINE ( 'NONE', #1056, #2359 ) ;
#2649 = ORIENTED_EDGE ( 'NONE', *, *, #224, .F. ) ;
#2650 =( NAMED_UNIT ( * ) PLANE_ANGLE_UNIT ( ) SI_UNIT ( $, .RADIAN. ) );
#2651 = LINE ( 'NONE', #1608, #2295 ) ;
#2652 = ORIENTED_EDGE ( 'NONE', *, *, #935, .F. ) ;
#2653 =( LENGTH_UNIT ( ) NAMED_UNIT ( * ) SI_UNIT ( .MILLI., .METRE. ) );
#2654 = SURFACE_STYLE_FILL_AREA ( #1641 ) ;
#2655 = CARTESIAN_POINT ( 'NONE',  ( -0.3999999999999998557, -0.5000000000000000000, 0.01000000000000000021 ) ) ;
#2656 = EDGE_CURVE ( 'NONE', #32, #1825, #1633, .T. ) ;
#2657 = UNCERTAINTY_MEASURE_WITH_UNIT (LENGTH_MEASURE( 1.000000000000000082E-05 ), #1268, 'distance_accuracy_value', 'NONE');
#2658 = CARTESIAN_POINT ( 'NONE',  ( 1.000000000000000000, 0.1250000000000002220, -0.02500000000000000139 ) ) ;
#2659 =( NAMED_UNIT ( * ) SI_UNIT ( $, .STERADIAN. ) SOLID_ANGLE_UNIT ( ) );
#2660 = VERTEX_POINT ( 'NONE', #2900 ) ;
#2661 = LINE ( 'NONE', #2981, #1704 ) ;
#2662 = DIRECTION ( 'NONE',  ( 0.000000000000000000, 0.000000000000000000, -1.000000000000000000 ) ) ;
#2663 = LINE ( 'NONE', #2934, #623 ) ;
#2664 = LINE ( 'NONE', #2357, #1506 ) ;
#2665 = LINE ( 'NONE', #294, #48 ) ;
#2666 = VECTOR ( 'NONE', #2322, 1000.000000000000000 ) ;
#2667 = CARTESIAN_POINT ( 'NONE',  ( 0.6500000000000000222, -0.1250000000000000000, -0.02500000000000000139 ) ) ;
#2668 = UNCERTAINTY_MEASURE_WITH_UNIT (LENGTH_MEASURE( 1.000000000000000082E-05 ), #847, 'distance_accuracy_value', 'NONE');
#2669 = ORIENTED_EDGE ( 'NONE', *, *, #1989, .T. ) ;
#2670 = FILL_AREA_STYLE ('',( #1637 ) ) ;
#2671 = VECTOR ( 'NONE', #2454, 1000.000000000000000 ) ;
#2672 = ORIENTED_EDGE ( 'NONE', *, *, #450, .T. ) ;
#2673 = FACE_OUTER_BOUND ( 'NONE', #2111, .T. ) ;
#2674 = CARTESIAN_POINT ( 'NONE',  ( 0.000000000000000000, 0.000000000000000000, -0.02500000000000000139 ) ) ;
#2675 =( NAMED_UNIT ( * ) SI_UNIT ( $, .STERADIAN. ) SOLID_ANGLE_UNIT ( ) );
#2676 = SURFACE_SIDE_STYLE ('',( #3248 ) ) ;
#2677 = EDGE_CURVE ( 'NONE', #2714, #477, #538, .T. ) ;
#2678 = VECTOR ( 'NONE', #81, 1000.000000000000000 ) ;
#2679 = AXIS2_PLACEMENT_3D ( 'NONE', #756, #1826, #195 ) ;
#2680 = ORIENTED_EDGE ( 'NONE', *, *, #595, .F. ) ;
#2681 =( GEOMETRIC_REPRESENTATION_CONTEXT ( 3 ) GLOBAL_UNCERTAINTY_ASSIGNED_CONTEXT ( ( #2895 ) ) GLOBAL_UNIT_ASSIGNED_CONTEXT ( ( #2288, #2492, #1775 ) ) REPRESENTATION_CONTEXT ( 'NONE', 'WORKASPACE' ) );
#2682 =( GEOMETRIC_REPRESENTATION_CONTEXT ( 3 ) GLOBAL_UNCERTAINTY_ASSIGNED_CONTEXT ( ( #1407 ) ) GLOBAL_UNIT_ASSIGNED_CONTEXT ( ( #508, #2380, #2599 ) ) REPRESENTATION_CONTEXT ( 'NONE', 'WORKASPACE' ) );
#2683 = CARTESIAN_POINT ( 'NONE',  ( 0.6500000000000000222, -0.1250000000000000000, 0.07600000000000001199 ) ) ;
#2684 = EDGE_CURVE ( 'NONE', #2157, #2278, #2388, .T. ) ;
#2685 = FILL_AREA_STYLE_COLOUR ( '', #322 ) ;
#2686 = AXIS2_PLACEMENT_3D ( 'NONE', #1326, #766, #201 ) ;
#2687 =( GEOMETRIC_REPRESENTATION_CONTEXT ( 3 ) GLOBAL_UNCERTAINTY_ASSIGNED_CONTEXT ( ( #2429 ) ) GLOBAL_UNIT_ASSIGNED_CONTEXT ( ( #3261, #656, #412 ) ) REPRESENTATION_CONTEXT ( 'NONE', 'WORKASPACE' ) );
#2688 =( GEOMETRIC_REPRESENTATION_CONTEXT ( 3 ) GLOBAL_UNCERTAINTY_ASSIGNED_CONTEXT ( ( #814 ) ) GLOBAL_UNIT_ASSIGNED_CONTEXT ( ( #2930, #2699, #3232 ) ) REPRESENTATION_CONTEXT ( 'NONE', 'WORKASPACE' ) );
#2689 = CARTESIAN_POINT ( 'NONE',  ( -1.000000000000000000, -0.3749999999999998335, 0.07600000000000001199 ) ) ;
#2690 = ORIENTED_EDGE ( 'NONE', *, *, #3212, .F. ) ;
#2691 = SURFACE_STYLE_USAGE ( .BOTH. , #600 ) ;
#2692 =( GEOMETRIC_REPRESENTATION_CONTEXT ( 3 ) GLOBAL_UNCERTAINTY_ASSIGNED_CONTEXT ( ( #784 ) ) GLOBAL_UNIT_ASSIGNED_CONTEXT ( ( #1017, #18, #531 ) ) REPRESENTATION_CONTEXT ( 'NONE', 'WORKASPACE' ) );
#2693 = DIRECTION ( 'NONE',  ( -0.000000000000000000, -0.000000000000000000, 1.000000000000000000 ) ) ;
#2694 = PRESENTATION_LAYER_ASSIGNMENT (  '', '', ( #1221 ) ) ;
#2695 = EDGE_LOOP ( 'NONE', ( #2423, #1726, #565, #3381 ) ) ;
#2696 = FILL_AREA_STYLE_COLOUR ( '', #765 ) ;
#2697 =( NAMED_UNIT ( * ) SI_UNIT ( $, .STERADIAN. ) SOLID_ANGLE_UNIT ( ) );
#2698 = COLOUR_RGB ( '',0.2862745098039215508, 0.2862745098039215508, 0.2862745098039215508 ) ;
#2699 =( NAMED_UNIT ( * ) PLANE_ANGLE_UNIT ( ) SI_UNIT ( $, .RADIAN. ) );
#2700 = LINE ( 'NONE', #1400, #2353 ) ;
#2701 = ORIENTED_EDGE ( 'NONE', *, *, #2324, .T. ) ;
#2702 = DIRECTION ( 'NONE',  ( 0.000000000000000000, 0.000000000000000000, 1.000000000000000000 ) ) ;
#2703 = SURFACE_STYLE_FILL_AREA ( #2228 ) ;
#2704 =( NAMED_UNIT ( * ) SI_UNIT ( $, .STERADIAN. ) SOLID_ANGLE_UNIT ( ) );
#2705 = EDGE_CURVE ( 'NONE', #2660, #1401, #2664, .T. ) ;
#2706 = SURFACE_STYLE_USAGE ( .BOTH. , #2999 ) ;
#2707 = CARTESIAN_POINT ( 'NONE',  ( 0.6500000000000000222, 0.3750000000000000000, 0.07600000000000001199 ) ) ;
#2708 = ORIENTED_EDGE ( 'NONE', *, *, #872, .T. ) ;
#2709 = DIRECTION ( 'NONE',  ( 1.000000000000000000, -0.000000000000000000, 0.000000000000000000 ) ) ;
#2710 = CARTESIAN_POINT ( 'NONE',  ( 1.000000000000000000, -0.3749999999999997780, -0.02500000000000000139 ) ) ;
#2711 = ORIENTED_EDGE ( 'NONE', *, *, #485, .F. ) ;
#2712 =( NAMED_UNIT ( * ) SI_UNIT ( $, .STERADIAN. ) SOLID_ANGLE_UNIT ( ) );
#2713 = CARTESIAN_POINT ( 'NONE',  ( -0.3999999999999998557, 0.2500000000000000000, -0.02500000000000000139 ) ) ;
#2714 = VERTEX_POINT ( 'NONE', #291 ) ;
#2715 = DIRECTION ( 'NONE',  ( -0.000000000000000000, -0.000000000000000000, 1.000000000000000000 ) ) ;
#2716 = SURFACE_STYLE_FILL_AREA ( #3267 ) ;
#2717 = CARTESIAN_POINT ( 'NONE',  ( 1.000000000000000000, 0.1250000000000002220, 0.07600000000000001199 ) ) ;
#2718 = CARTESIAN_POINT ( 'NONE',  ( -1.000000000000000000, -0.1249999999999998890, -0.02500000000000000139 ) ) ;
#2719 =( NAMED_UNIT ( * ) PLANE_ANGLE_UNIT ( ) SI_UNIT ( $, .RADIAN. ) );
#2720 = ORIENTED_EDGE ( 'NONE', *, *, #1353, .F. ) ;
#2721 = EDGE_CURVE ( 'NONE', #754, #2296, #1364, .T. ) ;
#2722 = SURFACE_STYLE_FILL_AREA ( #325 ) ;
#2723 = EDGE_LOOP ( 'NONE', ( #174, #3348, #749, #2066 ) ) ;
#2724 =( NAMED_UNIT ( * ) SI_UNIT ( $, .STERADIAN. ) SOLID_ANGLE_UNIT ( ) );
#2725 = CLOSED_SHELL ( 'NONE', ( #3249, #1688, #1877, #1456, #3195, #564, #1832 ) ) ;
#2726 = AXIS2_PLACEMENT_3D ( 'NONE', #1054, #2872, #254 ) ;
#2727 = FILL_AREA_STYLE_COLOUR ( '', #3285 ) ;
#2728 = SURFACE_STYLE_FILL_AREA ( #1696 ) ;
#2729 = COLOUR_RGB ( '',0.9607843137254902244, 0.9607843137254902244, 0.9607843137254902244 ) ;
#2730 = VECTOR ( 'NONE', #244, 1000.000000000000000 ) ;
#2731 = EDGE_LOOP ( 'NONE', ( #2932, #1690, #104, #2701 ) ) ;
#2732 = DIRECTION ( 'NONE',  ( 1.000000000000000000, 0.000000000000000000, 0.000000000000000000 ) ) ;
#2733 = FILL_AREA_STYLE ('',( #1389 ) ) ;
#2734 = FACE_OUTER_BOUND ( 'NONE', #1358, .T. ) ;
#2735 = DIRECTION ( 'NONE',  ( -0.000000000000000000, 0.000000000000000000, 1.000000000000000000 ) ) ;
#2736 = ORIENTED_EDGE ( 'NONE', *, *, #313, .F. ) ;
#2737 = VECTOR ( 'NONE', #152, 1000.000000000000000 ) ;
#2738 = DIRECTION ( 'NONE',  ( 1.000000000000000000, 0.000000000000000000, -0.000000000000000000 ) ) ;
#2739 = SURFACE_SIDE_STYLE ('',( #100 ) ) ;
#2740 = PRESENTATION_LAYER_ASSIGNMENT (  '', '', ( #2837 ) ) ;
#2741 = VERTEX_POINT ( 'NONE', #1101 ) ;
#2742 = PRESENTATION_LAYER_ASSIGNMENT (  '', '', ( #2035 ) ) ;
#2743 = COLOUR_RGB ( '',0.2862745098039215508, 0.2862745098039215508, 0.2862745098039215508 ) ;
#2744 = ADVANCED_FACE ( 'NONE', ( #3116 ), #2594, .F. ) ;
#2745 = COLOUR_RGB ( '',0.8039215686274510109, 0.8039215686274510109, 0.8039215686274510109 ) ;
#2746 = ORIENTED_EDGE ( 'NONE', *, *, #3324, .F. ) ;
#2747 = AXIS2_PLACEMENT_3D ( 'NONE', #2017, #383, #3263 ) ;
#2748 =( NAMED_UNIT ( * ) PLANE_ANGLE_UNIT ( ) SI_UNIT ( $, .RADIAN. ) );
#2749 = EDGE_CURVE ( 'NONE', #1849, #819, #1656, .T. ) ;
#2750 = FACE_OUTER_BOUND ( 'NONE', #1385, .T. ) ;
#2751 = AXIS2_PLACEMENT_3D ( 'NONE', #1496, #2554, #3312 ) ;
#2752 = ORIENTED_EDGE ( 'NONE', *, *, #92, .T. ) ;
#2753 = SURFACE_SIDE_STYLE ('',( #2262 ) ) ;
#2754 =( LENGTH_UNIT ( ) NAMED_UNIT ( * ) SI_UNIT ( .MILLI., .METRE. ) );
#2755 = CARTESIAN_POINT ( 'NONE',  ( -1.000000000000000000, -0.7500000000000002220, 0.000000000000000000 ) ) ;
#2756 = VERTEX_POINT ( 'NONE', #2717 ) ;
#2757 = CYLINDRICAL_SURFACE ( 'NONE', #1609, 0.05500000000000003497 ) ;
#2758 = PRESENTATION_STYLE_ASSIGNMENT (( #340 ) ) ;
#2759 = ORIENTED_EDGE ( 'NONE', *, *, #22, .T. ) ;
#2760 = SURFACE_SIDE_STYLE ('',( #682 ) ) ;
#2761 = PRESENTATION_STYLE_ASSIGNMENT (( #1511 ) ) ;
#2762 = PRESENTATION_STYLE_ASSIGNMENT (( #1469 ) ) ;
#2763 = PRESENTATION_STYLE_ASSIGNMENT (( #2540 ) ) ;
#2764 = EDGE_CURVE ( 'NONE', #1901, #2185, #1445, .T. ) ;
#2765 = VERTEX_POINT ( 'NONE', #2217 ) ;
#2766 = DIRECTION ( 'NONE',  ( 0.000000000000000000, 1.000000000000000000, 0.000000000000000000 ) ) ;
#2767 = DIRECTION ( 'NONE',  ( 0.000000000000000000, -1.000000000000000000, 0.000000000000000000 ) ) ;
#2768 = CARTESIAN_POINT ( 'NONE',  ( -0.6500000000000000222, -0.3749999999999999445, -0.02500000000000000139 ) ) ;
#2769 = CARTESIAN_POINT ( 'NONE',  ( -0.3999999999999998557, -0.5000000000000000000, 0.01000000000000000021 ) ) ;
#2770 = CARTESIAN_POINT ( 'NONE',  ( 0.9699999999999999734, -0.7500000000000002220, 0.000000000000000000 ) ) ;
#2771 =( NAMED_UNIT ( * ) PLANE_ANGLE_UNIT ( ) SI_UNIT ( $, .RADIAN. ) );
#2772 = EDGE_LOOP ( 'NONE', ( #2672, #496, #2986, #2979 ) ) ;
#2773 = DIRECTION ( 'NONE',  ( 1.000000000000000000, -0.000000000000000000, 0.000000000000000000 ) ) ;
#2774 =( LENGTH_UNIT ( ) NAMED_UNIT ( * ) SI_UNIT ( .MILLI., .METRE. ) );
#2775 = DIRECTION ( 'NONE',  ( -1.000000000000000000, -4.646580739223590009E-16, 0.000000000000000000 ) ) ;
#2776 = ORIENTED_EDGE ( 'NONE', *, *, #2749, .F. ) ;
#2777 =( NAMED_UNIT ( * ) PLANE_ANGLE_UNIT ( ) SI_UNIT ( $, .RADIAN. ) );
#2778 = FILL_AREA_STYLE_COLOUR ( '', #1092 ) ;
#2779 =( LENGTH_UNIT ( ) NAMED_UNIT ( * ) SI_UNIT ( .MILLI., .METRE. ) );
#2780 = AXIS2_PLACEMENT_3D ( 'NONE', #1949, #2983, #1687 ) ;
#2781 = STYLED_ITEM ( 'NONE', ( #1444 ), #150 ) ;
#2782 = EDGE_CURVE ( 'NONE', #2861, #819, #1722, .T. ) ;
#2783 = FILL_AREA_STYLE_COLOUR ( '', #2086 ) ;
#2784 = VECTOR ( 'NONE', #2994, 1000.000000000000000 ) ;
#2785 = MECHANICAL_DESIGN_GEOMETRIC_PRESENTATION_REPRESENTATION (  '', ( #357 ), #3010 ) ;
#2786 = MECHANICAL_DESIGN_GEOMETRIC_PRESENTATION_REPRESENTATION (  '', ( #361 ), #1198 ) ;
#2787 = COLOUR_RGB ( '',0.8039215686274510109, 0.8039215686274510109, 0.8039215686274510109 ) ;
#2788 = EDGE_CURVE ( 'NONE', #1535, #1602, #2962, .T. ) ;
#2789 = SURFACE_STYLE_FILL_AREA ( #403 ) ;
#2790 = SURFACE_STYLE_FILL_AREA ( #2289 ) ;
#2791 = FACE_OUTER_BOUND ( 'NONE', #3329, .T. ) ;
#2792 = FACE_OUTER_BOUND ( 'NONE', #1457, .T. ) ;
#2793 = PRESENTATION_LAYER_ASSIGNMENT (  '', '', ( #2299 ) ) ;
#2794 = LINE ( 'NONE', #706, #965 ) ;
#2795 = VERTEX_POINT ( 'NONE', #878 ) ;
#2796 = AXIS2_PLACEMENT_3D ( 'NONE', #1962, #608, #1361 ) ;
#2797 = VECTOR ( 'NONE', #2366, 1000.000000000000000 ) ;
#2798 = FILL_AREA_STYLE ('',( #414 ) ) ;
#2799 = STYLED_ITEM ( 'NONE', ( #7 ), #2636 ) ;
#2800 = PRESENTATION_STYLE_ASSIGNMENT (( #2486 ) ) ;
#2801 =( GEOMETRIC_REPRESENTATION_CONTEXT ( 3 ) GLOBAL_UNCERTAINTY_ASSIGNED_CONTEXT ( ( #1316 ) ) GLOBAL_UNIT_ASSIGNED_CONTEXT ( ( #2754, #370, #2704 ) ) REPRESENTATION_CONTEXT ( 'NONE', 'WORKASPACE' ) );
#2802 = ORIENTED_EDGE ( 'NONE', *, *, #1263, .F. ) ;
#2803 = FILL_AREA_STYLE ('',( #146 ) ) ;
#2804 = FILL_AREA_STYLE_COLOUR ( '', #102 ) ;
#2805 =( NAMED_UNIT ( * ) PLANE_ANGLE_UNIT ( ) SI_UNIT ( $, .RADIAN. ) );
#2806 = ADVANCED_FACE ( 'NONE', ( #906 ), #621, .F. ) ;
#2807 = CARTESIAN_POINT ( 'NONE',  ( -1.000000000000000000, 0.1250000000000001665, 0.07600000000000001199 ) ) ;
#2808 = EDGE_LOOP ( 'NONE', ( #128, #2464, #2390, #2969 ) ) ;
#2809 = DIRECTION ( 'NONE',  ( -0.000000000000000000, -0.000000000000000000, 1.000000000000000000 ) ) ;
#2810 = SURFACE_STYLE_FILL_AREA ( #1513 ) ;
#2811 = DIRECTION ( 'NONE',  ( 0.000000000000000000, 1.000000000000000000, 0.000000000000000000 ) ) ;
#2812 = SURFACE_SIDE_STYLE ('',( #1515 ) ) ;
#2813 = ORIENTED_EDGE ( 'NONE', *, *, #690, .F. ) ;
#2814 = ORIENTED_EDGE ( 'NONE', *, *, #1362, .F. ) ;
#2815 = SURFACE_STYLE_USAGE ( .BOTH. , #1788 ) ;
#2816 = FILL_AREA_STYLE_COLOUR ( '', #1077 ) ;
#2817 = EDGE_CURVE ( 'NONE', #2326, #936, #570, .T. ) ;
#2818 = ORIENTED_EDGE ( 'NONE', *, *, #485, .T. ) ;
#2819 = SURFACE_SIDE_STYLE ('',( #460 ) ) ;
#2820 = ADVANCED_FACE ( 'NONE', ( #835 ), #3081, .T. ) ;
#2821 = FILL_AREA_STYLE ('',( #1793 ) ) ;
#2822 = DIRECTION ( 'NONE',  ( -1.000000000000000000, 0.000000000000000000, 0.000000000000000000 ) ) ;
#2823 = CLOSED_SHELL ( 'NONE', ( #1787, #3048, #1567, #2806, #2018, #127, #2549, #3149, #758, #339, #3254, #3229, #182, #3123, #2269, #2251, #1119, #1505, #2184, #49, #1731, #2103, #2905, #3292, #2980, #2145, #1747, #2820, #1806, #3088, #2570, #720, #2187, #1526, #653, #2427, #825, #397, #386, #2055, #2836, #2636, #1428 ) ) ;
#2824 = ORIENTED_EDGE ( 'NONE', *, *, #2817, .F. ) ;
#2825 = STYLED_ITEM ( 'NONE', ( #1186 ), #1237 ) ;
#2826 = PRESENTATION_LAYER_ASSIGNMENT (  '', '', ( #184 ) ) ;
#2827 = DIRECTION ( 'NONE',  ( 0.000000000000000000, 0.000000000000000000, -1.000000000000000000 ) ) ;
#2828 = CARTESIAN_POINT ( 'NONE',  ( 0.6500000000000000222, 0.3750000000000000000, 0.07600000000000001199 ) ) ;
#2829 = DIRECTION ( 'NONE',  ( 0.000000000000000000, 0.000000000000000000, -1.000000000000000000 ) ) ;
#2830 = SURFACE_STYLE_FILL_AREA ( #702 ) ;
#2831 = COLOUR_RGB ( '',0.2862745098039215508, 0.2862745098039215508, 0.2862745098039215508 ) ;
#2832 =( NAMED_UNIT ( * ) SI_UNIT ( $, .STERADIAN. ) SOLID_ANGLE_UNIT ( ) );
#2833 = MECHANICAL_DESIGN_GEOMETRIC_PRESENTATION_REPRESENTATION (  '', ( #3118 ), #1203 ) ;
#2834 = ORIENTED_EDGE ( 'NONE', *, *, #2165, .T. ) ;
#2835 = DIRECTION ( 'NONE',  ( 0.000000000000000000, 0.000000000000000000, -1.000000000000000000 ) ) ;
#2836 = ADVANCED_FACE ( 'NONE', ( #1911 ), #955, .F. ) ;
#2837 = STYLED_ITEM ( 'NONE', ( #3302 ), #1832 ) ;
#2838 = STYLED_ITEM ( 'NONE', ( #2484 ), #3029 ) ;
#2839 = CARTESIAN_POINT ( 'NONE',  ( 0.9700000000000000844, -0.7500000000000002220, 0.4449999999999999512 ) ) ;
#2840 = CARTESIAN_POINT ( 'NONE',  ( -1.000000000000000000, -0.7500000000000002220, 0.000000000000000000 ) ) ;
#2841 = PRESENTATION_STYLE_ASSIGNMENT (( #3160 ) ) ;
#2842 =( GEOMETRIC_REPRESENTATION_CONTEXT ( 3 ) GLOBAL_UNCERTAINTY_ASSIGNED_CONTEXT ( ( #1659 ) ) GLOBAL_UNIT_ASSIGNED_CONTEXT ( ( #108, #38, #2931 ) ) REPRESENTATION_CONTEXT ( 'NONE', 'WORKASPACE' ) );
#2843 = EDGE_CURVE ( 'NONE', #1401, #980, #3244, .T. ) ;
#2844 = STYLED_ITEM ( 'NONE', ( #2761 ), #3195 ) ;
#2845 = SURFACE_SIDE_STYLE ('',( #511 ) ) ;
#2846 = COLOUR_RGB ( '',0.8039215686274510109, 0.8039215686274510109, 0.8039215686274510109 ) ;
#2847 = VERTEX_POINT ( 'NONE', #988 ) ;
#2848 = AXIS2_PLACEMENT_3D ( 'NONE', #1376, #2773, #405 ) ;
#2849 = FACE_OUTER_BOUND ( 'NONE', #2808, .T. ) ;
#2850 =( LENGTH_UNIT ( ) NAMED_UNIT ( * ) SI_UNIT ( .MILLI., .METRE. ) );
#2851 = ORIENTED_EDGE ( 'NONE', *, *, #2165, .F. ) ;
#2852 = DIRECTION ( 'NONE',  ( 0.000000000000000000, 0.000000000000000000, 1.000000000000000000 ) ) ;
#2853 = EDGE_LOOP ( 'NONE', ( #3245, #449, #206, #331 ) ) ;
#2854 = LINE ( 'NONE', #774, #1078 ) ;
#2855 = DIRECTION ( 'NONE',  ( -0.000000000000000000, 0.000000000000000000, -1.000000000000000000 ) ) ;
#2856 = SURFACE_STYLE_USAGE ( .BOTH. , #1831 ) ;
#2857 = FILL_AREA_STYLE ('',( #2600 ) ) ;
#2858 = EDGE_CURVE ( 'NONE', #1711, #428, #1230, .T. ) ;
#2859 = UNCERTAINTY_MEASURE_WITH_UNIT (LENGTH_MEASURE( 1.000000000000000082E-05 ), #1462, 'distance_accuracy_value', 'NONE');
#2860 = LINE ( 'NONE', #1278, #1039 ) ;
#2861 = VERTEX_POINT ( 'NONE', #2050 ) ;
#2862 = PRESENTATION_STYLE_ASSIGNMENT (( #1817 ) ) ;
#2863 = DIRECTION ( 'NONE',  ( 0.000000000000000000, -1.000000000000000000, 0.000000000000000000 ) ) ;
#2864 = DIRECTION ( 'NONE',  ( 3.872150616019658834E-16, 1.000000000000000000, -0.000000000000000000 ) ) ;
#2865 = DIRECTION ( 'NONE',  ( 1.000000000000000000, 0.000000000000000000, 0.000000000000000000 ) ) ;
#2866 = SURFACE_STYLE_FILL_AREA ( #1008 ) ;
#2867 = EDGE_LOOP ( 'NONE', ( #3053, #3082, #2285 ) ) ;
#2868 = CARTESIAN_POINT ( 'NONE',  ( 1.000000000000000000, 0.1250000000000002220, 0.07600000000000001199 ) ) ;
#2869 = DIRECTION ( 'NONE',  ( 1.000000000000000000, -3.872150616019658834E-16, 0.000000000000000000 ) ) ;
#2870 =( LENGTH_UNIT ( ) NAMED_UNIT ( * ) SI_UNIT ( .MILLI., .METRE. ) );
#2871 = CARTESIAN_POINT ( 'NONE',  ( 0.6500000000000000222, 0.1250000000000000555, 0.07600000000000001199 ) ) ;
#2872 = DIRECTION ( 'NONE',  ( -1.000000000000000000, 0.000000000000000000, 0.000000000000000000 ) ) ;
#2873 = ORIENTED_EDGE ( 'NONE', *, *, #2858, .F. ) ;
#2874 = EDGE_CURVE ( 'NONE', #3358, #1901, #3064, .T. ) ;
#2875 =( NAMED_UNIT ( * ) SI_UNIT ( $, .STERADIAN. ) SOLID_ANGLE_UNIT ( ) );
#2876 = FILL_AREA_STYLE ('',( #1852 ) ) ;
#2877 = SURFACE_STYLE_FILL_AREA ( #1100 ) ;
#2878 = LINE ( 'NONE', #3137, #436 ) ;
#2879 = EDGE_CURVE ( 'NONE', #1328, #2417, #1768, .T. ) ;
#2880 = MECHANICAL_DESIGN_GEOMETRIC_PRESENTATION_REPRESENTATION (  '', ( #419 ), #352 ) ;
#2881 = MECHANICAL_DESIGN_GEOMETRIC_PRESENTATION_REPRESENTATION (  '', ( #2781 ), #3325 ) ;
#2882 = DIRECTION ( 'NONE',  ( 1.000000000000000000, -3.872150616019658834E-16, 0.000000000000000000 ) ) ;
#2883 = VERTEX_POINT ( 'NONE', #2542 ) ;
#2884 = PRESENTATION_LAYER_ASSIGNMENT (  '', '', ( #292 ) ) ;
#2885 = LINE ( 'NONE', #2201, #1985 ) ;
#2886 =( GEOMETRIC_REPRESENTATION_CONTEXT ( 3 ) GLOBAL_UNCERTAINTY_ASSIGNED_CONTEXT ( ( #2950 ) ) GLOBAL_UNIT_ASSIGNED_CONTEXT ( ( #2003, #2777, #1224 ) ) REPRESENTATION_CONTEXT ( 'NONE', 'WORKASPACE' ) );
#2887 = ORIENTED_EDGE ( 'NONE', *, *, #1620, .F. ) ;
#2888 = DIRECTION ( 'NONE',  ( 0.000000000000000000, 0.000000000000000000, -1.000000000000000000 ) ) ;
#2889 = CARTESIAN_POINT ( 'NONE',  ( -0.9700000000000000844, 0.7199999999999998623, 0.4749999999999999778 ) ) ;
#2890 = STYLED_ITEM ( 'NONE', ( #2338 ), #1688 ) ;
#2891 = COLOUR_RGB ( '',0.8039215686274510109, 0.8039215686274510109, 0.8039215686274510109 ) ;
#2892 = AXIS2_PLACEMENT_3D ( 'NONE', #1206, #671, #2260 ) ;
#2893 = ORIENTED_EDGE ( 'NONE', *, *, #848, .T. ) ;
#2894 = MECHANICAL_DESIGN_GEOMETRIC_PRESENTATION_REPRESENTATION (  '', ( #2036 ), #1377 ) ;
#2895 = UNCERTAINTY_MEASURE_WITH_UNIT (LENGTH_MEASURE( 1.000000000000000082E-05 ), #2288, 'distance_accuracy_value', 'NONE');
#2896 = MECHANICAL_DESIGN_GEOMETRIC_PRESENTATION_REPRESENTATION (  '', ( #2844 ), #1557 ) ;
#2897 = DIRECTION ( 'NONE',  ( 0.000000000000000000, 0.000000000000000000, 1.000000000000000000 ) ) ;
#2898 =( LENGTH_UNIT ( ) NAMED_UNIT ( * ) SI_UNIT ( .MILLI., .METRE. ) );
#2899 = PRESENTATION_STYLE_ASSIGNMENT (( #1655 ) ) ;
#2900 = CARTESIAN_POINT ( 'NONE',  ( -0.9150000000000001465, 0.6099999999999998757, 0.4649999999999999689 ) ) ;
#2901 = AXIS2_PLACEMENT_3D ( 'NONE', #1479, #3224, #56 ) ;
#2902 = AXIS2_PLACEMENT_3D ( 'NONE', #783, #1025, #2865 ) ;
#2903 = SURFACE_STYLE_USAGE ( .BOTH. , #805 ) ;
#2904 = VERTEX_POINT ( 'NONE', #3094 ) ;
#2905 = ADVANCED_FACE ( 'NONE', ( #2039 ), #779, .F. ) ;
#2906 = MECHANICAL_DESIGN_GEOMETRIC_PRESENTATION_REPRESENTATION (  '', ( #534 ), #2096 ) ;
#2907 = LINE ( 'NONE', #277, #1366 ) ;
#2908 = SURFACE_SIDE_STYLE ('',( #11 ) ) ;
#2909 = ORIENTED_EDGE ( 'NONE', *, *, #1102, .T. ) ;
#2910 = FILL_AREA_STYLE_COLOUR ( '', #760 ) ;
#2911 =( NAMED_UNIT ( * ) PLANE_ANGLE_UNIT ( ) SI_UNIT ( $, .RADIAN. ) );
#2912 = SURFACE_SIDE_STYLE ('',( #513 ) ) ;
#2913 = ORIENTED_EDGE ( 'NONE', *, *, #17, .T. ) ;
#2914 =( LENGTH_UNIT ( ) NAMED_UNIT ( * ) SI_UNIT ( .MILLI., .METRE. ) );
#2915 = LINE ( 'NONE', #782, #2142 ) ;
#2916 = FILL_AREA_STYLE_COLOUR ( '', #3060 ) ;
#2917 = SURFACE_STYLE_USAGE ( .BOTH. , #1617 ) ;
#2918 = DIRECTION ( 'NONE',  ( -0.000000000000000000, -0.000000000000000000, -1.000000000000000000 ) ) ;
#2919 = LINE ( 'NONE', #50, #199 ) ;
#2920 = PLANE ( 'NONE',  #2347 ) ;
#2921 = ORIENTED_EDGE ( 'NONE', *, *, #2537, .F. ) ;
#2922 =( NAMED_UNIT ( * ) SI_UNIT ( $, .STERADIAN. ) SOLID_ANGLE_UNIT ( ) );
#2923 = EDGE_CURVE ( 'NONE', #428, #187, #2352, .T. ) ;
#2924 = DIRECTION ( 'NONE',  ( -1.000000000000000000, -4.646580739223590009E-16, 0.000000000000000000 ) ) ;
#2925 = ORIENTED_EDGE ( 'NONE', *, *, #2955, .F. ) ;
#2926 =( NAMED_UNIT ( * ) PLANE_ANGLE_UNIT ( ) SI_UNIT ( $, .RADIAN. ) );
#2927 = SURFACE_SIDE_STYLE ('',( #2654 ) ) ;
#2928 = FILL_AREA_STYLE_COLOUR ( '', #3128 ) ;
#2929 = EDGE_CURVE ( 'NONE', #101, #768, #2860, .T. ) ;
#2930 =( LENGTH_UNIT ( ) NAMED_UNIT ( * ) SI_UNIT ( .MILLI., .METRE. ) );
#2931 =( NAMED_UNIT ( * ) SI_UNIT ( $, .STERADIAN. ) SOLID_ANGLE_UNIT ( ) );
#2932 = ORIENTED_EDGE ( 'NONE', *, *, #2226, .T. ) ;
#2933 = DIRECTION ( 'NONE',  ( 1.000000000000000000, 0.000000000000000000, -0.000000000000000000 ) ) ;
#2934 = CARTESIAN_POINT ( 'NONE',  ( -0.3999999999999998557, 0.2500000000000000000, -0.02500000000000000139 ) ) ;
#2935 = DIRECTION ( 'NONE',  ( 1.000000000000000000, 0.000000000000000000, -0.000000000000000000 ) ) ;
#2936 = SURFACE_STYLE_FILL_AREA ( #2232 ) ;
#2937 = UNCERTAINTY_MEASURE_WITH_UNIT (LENGTH_MEASURE( 1.000000000000000082E-05 ), #1155, 'distance_accuracy_value', 'NONE');
#2938 = ORIENTED_EDGE ( 'NONE', *, *, #1219, .T. ) ;
#2939 = DIRECTION ( 'NONE',  ( 0.000000000000000000, 0.000000000000000000, -1.000000000000000000 ) ) ;
#2940 = VECTOR ( 'NONE', #3370, 1000.000000000000000 ) ;
#2941 = UNCERTAINTY_MEASURE_WITH_UNIT (LENGTH_MEASURE( 1.000000000000000082E-05 ), #159, 'distance_accuracy_value', 'NONE');
#2942 = DIRECTION ( 'NONE',  ( 1.000000000000000000, 0.000000000000000000, 0.000000000000000000 ) ) ;
#2943 =( LENGTH_UNIT ( ) NAMED_UNIT ( * ) SI_UNIT ( .MILLI., .METRE. ) );
#2944 = VECTOR ( 'NONE', #2386, 1000.000000000000000 ) ;
#2945 = COLOUR_RGB ( '',0.2862745098039215508, 0.2862745098039215508, 0.2862745098039215508 ) ;
#2946 = ORIENTED_EDGE ( 'NONE', *, *, #2384, .T. ) ;
#2947 = CARTESIAN_POINT ( 'NONE',  ( 0.000000000000000000, 0.000000000000000000, -0.02500000000000000139 ) ) ;
#2948 =( NAMED_UNIT ( * ) SI_UNIT ( $, .STERADIAN. ) SOLID_ANGLE_UNIT ( ) );
#2949 = EDGE_CURVE ( 'NONE', #153, #1974, #3140, .T. ) ;
#2950 = UNCERTAINTY_MEASURE_WITH_UNIT (LENGTH_MEASURE( 1.000000000000000082E-05 ), #2003, 'distance_accuracy_value', 'NONE');
#2951 = AXIS2_PLACEMENT_3D ( 'NONE', #2434, #2496, #129 ) ;
#2952 = VECTOR ( 'NONE', #295, 1000.000000000000000 ) ;
#2953 = MECHANICAL_DESIGN_GEOMETRIC_PRESENTATION_REPRESENTATION (  '', ( #2127 ), #568 ) ;
#2954 = CARTESIAN_POINT ( 'NONE',  ( 0.000000000000000000, 0.7199999999999998623, 0.4449999999999999512 ) ) ;
#2955 = EDGE_CURVE ( 'NONE', #521, #1619, #1000, .T. ) ;
#2956 = VERTEX_POINT ( 'NONE', #3108 ) ;
#2957 = VECTOR ( 'NONE', #891, 1000.000000000000000 ) ;
#2958 = CARTESIAN_POINT ( 'NONE',  ( -1.000000000000000000, -0.1249999999999998890, 0.07600000000000001199 ) ) ;
#2959 = COLOUR_RGB ( '',0.2862745098039215508, 0.2862745098039215508, 0.2862745098039215508 ) ;
#2960 = CARTESIAN_POINT ( 'NONE',  ( 1.000000000000000000, -0.7500000000000002220, 0.000000000000000000 ) ) ;
#2961 = FACE_OUTER_BOUND ( 'NONE', #2536, .T. ) ;
#2962 = LINE ( 'NONE', #1405, #3193 ) ;
#2963 = STYLED_ITEM ( 'NONE', ( #160 ), #2055 ) ;
#2964 = PRESENTATION_LAYER_ASSIGNMENT (  '', '', ( #2257 ) ) ;
#2965 =( GEOMETRIC_REPRESENTATION_CONTEXT ( 3 ) GLOBAL_UNCERTAINTY_ASSIGNED_CONTEXT ( ( #15 ) ) GLOBAL_UNIT_ASSIGNED_CONTEXT ( ( #1226, #686, #3077 ) ) REPRESENTATION_CONTEXT ( 'NONE', 'WORKASPACE' ) );
#2966 = DIRECTION ( 'NONE',  ( 1.000000000000000000, -3.097720492815726673E-16, 0.000000000000000000 ) ) ;
#2967 = DIRECTION ( 'NONE',  ( 0.000000000000000000, 1.000000000000000000, 0.000000000000000000 ) ) ;
#2968 = MANIFOLD_SOLID_BREP ( 'Boss-Extrude2[1]', #3274 ) ;
#2969 = ORIENTED_EDGE ( 'NONE', *, *, #1435, .F. ) ;
#2970 = MECHANICAL_DESIGN_GEOMETRIC_PRESENTATION_REPRESENTATION (  '', ( #318 ), #2469 ) ;
#2971 = CARTESIAN_POINT ( 'NONE',  ( 0.6500000000000000222, -0.3749999999999999445, -0.02500000000000000139 ) ) ;
#2972 = PRESENTATION_LAYER_ASSIGNMENT (  '', '', ( #596 ) ) ;
#2973 =( NAMED_UNIT ( * ) PLANE_ANGLE_UNIT ( ) SI_UNIT ( $, .RADIAN. ) );
#2974 = ORIENTED_EDGE ( 'NONE', *, *, #1900, .F. ) ;
#2975 = LINE ( 'NONE', #301, #1720 ) ;
#2976 = VECTOR ( 'NONE', #204, 1000.000000000000000 ) ;
#2977 =( LENGTH_UNIT ( ) NAMED_UNIT ( * ) SI_UNIT ( .MILLI., .METRE. ) );
#2978 = FILL_AREA_STYLE_COLOUR ( '', #2144 ) ;
#2979 = ORIENTED_EDGE ( 'NONE', *, *, #489, .T. ) ;
#2980 = ADVANCED_FACE ( 'NONE', ( #3161 ), #2383, .T. ) ;
#2981 = CARTESIAN_POINT ( 'NONE',  ( 0.4000000000000001887, 0.5000000000000000000, 0.01000000000000000021 ) ) ;
#2982 = SURFACE_SIDE_STYLE ('',( #3268 ) ) ;
#2983 = DIRECTION ( 'NONE',  ( 3.097720492815726673E-16, 1.000000000000000000, 0.000000000000000000 ) ) ;
#2984 = SURFACE_STYLE_USAGE ( .BOTH. , #1951 ) ;
#2985 = UNCERTAINTY_MEASURE_WITH_UNIT (LENGTH_MEASURE( 1.000000000000000082E-05 ), #1184, 'distance_accuracy_value', 'NONE');
#2986 = ORIENTED_EDGE ( 'NONE', *, *, #2817, .T. ) ;
#2987 =( NAMED_UNIT ( * ) SI_UNIT ( $, .STERADIAN. ) SOLID_ANGLE_UNIT ( ) );
#2988 = CARTESIAN_POINT ( 'NONE',  ( 1.000000000000000000, -0.1250000000000001388, 0.07600000000000001199 ) ) ;
#2989 = EDGE_LOOP ( 'NONE', ( #123, #992, #1938, #2129 ) ) ;
#2990 = FACE_OUTER_BOUND ( 'NONE', #1952, .T. ) ;
#2991 = FACE_OUTER_BOUND ( 'NONE', #372, .T. ) ;
#2992 = SURFACE_SIDE_STYLE ('',( #1959 ) ) ;
#2993 = VERTEX_POINT ( 'NONE', #2211 ) ;
#2994 = DIRECTION ( 'NONE',  ( -0.000000000000000000, 1.000000000000000000, -0.000000000000000000 ) ) ;
#2995 =( NAMED_UNIT ( * ) PLANE_ANGLE_UNIT ( ) SI_UNIT ( $, .RADIAN. ) );
#2996 = FILL_AREA_STYLE_COLOUR ( '', #411 ) ;
#2997 = DIRECTION ( 'NONE',  ( -0.000000000000000000, -0.000000000000000000, -1.000000000000000000 ) ) ;
#2998 = EDGE_CURVE ( 'NONE', #3101, #2048, #2700, .T. ) ;
#2999 = SURFACE_SIDE_STYLE ('',( #336 ) ) ;
#3000 = DIRECTION ( 'NONE',  ( 0.000000000000000000, 0.000000000000000000, 1.000000000000000000 ) ) ;
#3001 = MANIFOLD_SOLID_BREP ( 'Boss-Extrude3', #1919 ) ;
#3002 = ORIENTED_EDGE ( 'NONE', *, *, #1744, .T. ) ;
#3003 = EDGE_CURVE ( 'NONE', #2904, #2485, #2449, .T. ) ;
#3004 = SURFACE_SIDE_STYLE ('',( #3225 ) ) ;
#3005 = ORIENTED_EDGE ( 'NONE', *, *, #543, .F. ) ;
#3006 = CARTESIAN_POINT ( 'NONE',  ( 0.000000000000000000, 0.5000000000000000000, -0.02500000000000000139 ) ) ;
#3007 = VECTOR ( 'NONE', #941, 1000.000000000000000 ) ;
#3008 =( GEOMETRIC_REPRESENTATION_CONTEXT ( 3 ) GLOBAL_UNCERTAINTY_ASSIGNED_CONTEXT ( ( #583 ) ) GLOBAL_UNIT_ASSIGNED_CONTEXT ( ( #2177, #800, #1314 ) ) REPRESENTATION_CONTEXT ( 'NONE', 'WORKASPACE' ) );
#3009 = DIRECTION ( 'NONE',  ( -0.000000000000000000, -0.000000000000000000, 1.000000000000000000 ) ) ;
#3010 =( GEOMETRIC_REPRESENTATION_CONTEXT ( 3 ) GLOBAL_UNCERTAINTY_ASSIGNED_CONTEXT ( ( #2468 ) ) GLOBAL_UNIT_ASSIGNED_CONTEXT ( ( #1467, #2748, #120 ) ) REPRESENTATION_CONTEXT ( 'NONE', 'WORKASPACE' ) );
#3011 = ORIENTED_EDGE ( 'NONE', *, *, #1834, .T. ) ;
#3012 = STYLED_ITEM ( 'NONE', ( #2800 ), #1280 ) ;
#3013 = FILL_AREA_STYLE_COLOUR ( '', #859 ) ;
#3014 = MECHANICAL_DESIGN_GEOMETRIC_PRESENTATION_REPRESENTATION (  '', ( #1708 ), #3280 ) ;
#3015 =( NAMED_UNIT ( * ) PLANE_ANGLE_UNIT ( ) SI_UNIT ( $, .RADIAN. ) );
#3016 = CARTESIAN_POINT ( 'NONE',  ( -1.000000000000000000, 0.1250000000000001665, 0.07600000000000001199 ) ) ;
#3017 = LINE ( 'NONE', #907, #961 ) ;
#3018 = VECTOR ( 'NONE', #679, 1000.000000000000000 ) ;
#3019 = CARTESIAN_POINT ( 'NONE',  ( 0.4000000000000001887, -0.5000000000000000000, 0.01000000000000000021 ) ) ;
#3020 = ORIENTED_EDGE ( 'NONE', *, *, #219, .F. ) ;
#3021 = FILL_AREA_STYLE ('',( #117 ) ) ;
#3022 = COLOUR_RGB ( '',0.8039215686274510109, 0.8039215686274510109, 0.8039215686274510109 ) ;
#3023 = AXIS2_PLACEMENT_3D ( 'NONE', #2689, #114, #2966 ) ;
#3024 =( NAMED_UNIT ( * ) PLANE_ANGLE_UNIT ( ) SI_UNIT ( $, .RADIAN. ) );
#3025 = ADVANCED_FACE ( 'NONE', ( #1096 ), #605, .F. ) ;
#3026 = ORIENTED_EDGE ( 'NONE', *, *, #2534, .F. ) ;
#3027 = MECHANICAL_DESIGN_GEOMETRIC_PRESENTATION_REPRESENTATION (  '', ( #3076 ), #2628 ) ;
#3028 = DIRECTION ( 'NONE',  ( 0.000000000000000000, -1.000000000000000000, 0.000000000000000000 ) ) ;
#3029 = MANIFOLD_SOLID_BREP ( 'Cut-Extrude3', #2823 ) ;
#3030 =( GEOMETRIC_REPRESENTATION_CONTEXT ( 3 ) GLOBAL_UNCERTAINTY_ASSIGNED_CONTEXT ( ( #2456 ) ) GLOBAL_UNIT_ASSIGNED_CONTEXT ( ( #3038, #2771, #1244 ) ) REPRESENTATION_CONTEXT ( 'NONE', 'WORKASPACE' ) );
#3031 = SURFACE_STYLE_USAGE ( .BOTH. , #1238 ) ;
#3032 = COLOUR_RGB ( '',0.2862745098039215508, 0.2862745098039215508, 0.2862745098039215508 ) ;
#3033 = VERTEX_POINT ( 'NONE', #171 ) ;
#3034 = DIRECTION ( 'NONE',  ( 0.000000000000000000, 0.000000000000000000, 1.000000000000000000 ) ) ;
#3035 =( LENGTH_UNIT ( ) NAMED_UNIT ( * ) SI_UNIT ( .MILLI., .METRE. ) );
#3036 = DIRECTION ( 'NONE',  ( 0.000000000000000000, 0.000000000000000000, -1.000000000000000000 ) ) ;
#3037 = DIRECTION ( 'NONE',  ( 1.000000000000000000, 0.000000000000000000, 0.000000000000000000 ) ) ;
#3038 =( LENGTH_UNIT ( ) NAMED_UNIT ( * ) SI_UNIT ( .MILLI., .METRE. ) );
#3039 = SURFACE_SIDE_STYLE ('',( #2789 ) ) ;
#3040 = MANIFOLD_SOLID_BREP ( 'Boss-Extrude2[2]', #1249 ) ;
#3041 = ORIENTED_EDGE ( 'NONE', *, *, #2231, .T. ) ;
#3042 = SURFACE_STYLE_FILL_AREA ( #931 ) ;
#3043 = FILL_AREA_STYLE ('',( #1727 ) ) ;
#3044 = SURFACE_STYLE_USAGE ( .BOTH. , #3100 ) ;
#3045 = ORIENTED_EDGE ( 'NONE', *, *, #461, .F. ) ;
#3046 = ADVANCED_FACE ( 'NONE', ( #3216 ), #135, .F. ) ;
#3047 =( NAMED_UNIT ( * ) PLANE_ANGLE_UNIT ( ) SI_UNIT ( $, .RADIAN. ) );
#3048 = ADVANCED_FACE ( 'NONE', ( #940 ), #157, .F. ) ;
#3049 = DIRECTION ( 'NONE',  ( 1.000000000000000000, 0.000000000000000000, -0.000000000000000000 ) ) ;
#3050 = DIRECTION ( 'NONE',  ( -0.7071067811865475727, 0.7071067811865475727, 0.000000000000000000 ) ) ;
#3051 = DIRECTION ( 'NONE',  ( 0.000000000000000000, 0.000000000000000000, 1.000000000000000000 ) ) ;
#3052 = SURFACE_SIDE_STYLE ('',( #1217 ) ) ;
#3053 = ORIENTED_EDGE ( 'NONE', *, *, #355, .T. ) ;
#3054 = CARTESIAN_POINT ( 'NONE',  ( 0.9699999999999995293, 0.7499999999999997780, 0.4449999999999999512 ) ) ;
#3055 = DIRECTION ( 'NONE',  ( 0.000000000000000000, -1.000000000000000000, 0.000000000000000000 ) ) ;
#3056 = VERTEX_POINT ( 'NONE', #2077 ) ;
#3057 = FILL_AREA_STYLE ('',( #3260 ) ) ;
#3058 = FILL_AREA_STYLE_COLOUR ( '', #2745 ) ;
#3059 = SURFACE_STYLE_FILL_AREA ( #709 ) ;
#3060 = COLOUR_RGB ( '',0.2862745098039215508, 0.2862745098039215508, 0.2862745098039215508 ) ;
#3061 = EDGE_CURVE ( 'NONE', #1368, #2741, #726, .T. ) ;
#3062 = VECTOR ( 'NONE', #2525, 1000.000000000000000 ) ;
#3063 =( GEOMETRIC_REPRESENTATION_CONTEXT ( 3 ) GLOBAL_UNCERTAINTY_ASSIGNED_CONTEXT ( ( #3215 ) ) GLOBAL_UNIT_ASSIGNED_CONTEXT ( ( #342, #3214, #2712 ) ) REPRESENTATION_CONTEXT ( 'NONE', 'WORKASPACE' ) );
#3064 = LINE ( 'NONE', #2284, #1387 ) ;
#3065 =( NAMED_UNIT ( * ) SI_UNIT ( $, .STERADIAN. ) SOLID_ANGLE_UNIT ( ) );
#3066 = VERTEX_POINT ( 'NONE', #1845 ) ;
#3067 = LINE ( 'NONE', #1774, #978 ) ;
#3068 = ORIENTED_EDGE ( 'NONE', *, *, #1872, .F. ) ;
#3069 = PLANE ( 'NONE',  #532 ) ;
#3070 = MECHANICAL_DESIGN_GEOMETRIC_PRESENTATION_REPRESENTATION (  '', ( #1979 ), #1080 ) ;
#3071 =( NAMED_UNIT ( * ) SI_UNIT ( $, .STERADIAN. ) SOLID_ANGLE_UNIT ( ) );
#3072 = EDGE_LOOP ( 'NONE', ( #1982, #664, #1488, #1971 ) ) ;
#3073 =( GEOMETRIC_REPRESENTATION_CONTEXT ( 3 ) GLOBAL_UNCERTAINTY_ASSIGNED_CONTEXT ( ( #2937 ) ) GLOBAL_UNIT_ASSIGNED_CONTEXT ( ( #1155, #888, #74 ) ) REPRESENTATION_CONTEXT ( 'NONE', 'WORKASPACE' ) );
#3074 = MECHANICAL_DESIGN_GEOMETRIC_PRESENTATION_REPRESENTATION (  '', ( #2963 ), #587 ) ;
#3075 = AXIS2_PLACEMENT_3D ( 'NONE', #3247, #1413, #886 ) ;
#3076 = STYLED_ITEM ( 'NONE', ( #640 ), #2282 ) ;
#3077 =( NAMED_UNIT ( * ) SI_UNIT ( $, .STERADIAN. ) SOLID_ANGLE_UNIT ( ) );
#3078 = VECTOR ( 'NONE', #1500, 1000.000000000000000 ) ;
#3079 = CARTESIAN_POINT ( 'NONE',  ( 0.4000000000000001887, -0.5000000000000000000, -0.02500000000000000139 ) ) ;
#3080 = AXIS2_PLACEMENT_3D ( 'NONE', #2109, #3153, #519 ) ;
#3081 = SPHERICAL_SURFACE ( 'NONE', #3347, 0.02999999999999999889 ) ;
#3082 = ORIENTED_EDGE ( 'NONE', *, *, #1965, .T. ) ;
#3083 = EDGE_CURVE ( 'NONE', #1439, #2660, #1208, .T. ) ;
#3084 = DIRECTION ( 'NONE',  ( -0.000000000000000000, 0.000000000000000000, -1.000000000000000000 ) ) ;
#3085 = VERTEX_POINT ( 'NONE', #229 ) ;
#3086 = CARTESIAN_POINT ( 'NONE',  ( 1.000000000000000000, 0.3749999999999998890, -0.02500000000000000139 ) ) ;
#3087 = FILL_AREA_STYLE ('',( #2046 ) ) ;
#3088 = ADVANCED_FACE ( 'NONE', ( #1325 ), #1794, .T. ) ;
#3089 = DIRECTION ( 'NONE',  ( 0.000000000000000000, 1.000000000000000000, 0.000000000000000000 ) ) ;
#3090 = EDGE_LOOP ( 'NONE', ( #2444, #110, #235, #667 ) ) ;
#3091 = LINE ( 'NONE', #1804, #1140 ) ;
#3092 = CARTESIAN_POINT ( 'NONE',  ( -0.8600000000000000977, 0.6099999999999998757, 0.4749999999999999778 ) ) ;
#3093 =( NAMED_UNIT ( * ) SI_UNIT ( $, .STERADIAN. ) SOLID_ANGLE_UNIT ( ) );
#3094 = CARTESIAN_POINT ( 'NONE',  ( -0.6500000000000000222, -0.3749999999999999445, -0.02500000000000000139 ) ) ;
#3095 = ORIENTED_EDGE ( 'NONE', *, *, #3386, .T. ) ;
#3096 = FILL_AREA_STYLE_COLOUR ( '', #2729 ) ;
#3097 = DIRECTION ( 'NONE',  ( 0.000000000000000000, -1.000000000000000000, 0.000000000000000000 ) ) ;
#3098 = FILL_AREA_STYLE_COLOUR ( '', #2470 ) ;
#3099 = EDGE_CURVE ( 'NONE', #614, #1115, #790, .T. ) ;
#3100 = SURFACE_SIDE_STYLE ('',( #2560 ) ) ;
#3101 = VERTEX_POINT ( 'NONE', #998 ) ;
#3102 = ADVANCED_FACE ( 'NONE', ( #1810 ), #3367, .T. ) ;
#3103 = CARTESIAN_POINT ( 'NONE',  ( 0.6500000000000000222, -0.1250000000000000000, 0.000000000000000000 ) ) ;
#3104 = PLANE ( 'NONE',  #1819 ) ;
#3105 = PRESENTATION_STYLE_ASSIGNMENT (( #2568 ) ) ;
#3106 = CARTESIAN_POINT ( 'NONE',  ( -0.3999999999999998557, 0.2500000000000000000, 0.01000000000000000021 ) ) ;
#3107 = PRODUCT_DEFINITION_SHAPE ( 'NONE', 'NONE',  #2037 ) ;
#3108 = CARTESIAN_POINT ( 'NONE',  ( -1.000000000000000000, 0.3750000000000001110, 0.000000000000000000 ) ) ;
#3109 = PRESENTATION_LAYER_ASSIGNMENT (  '', '', ( #3222 ) ) ;
#3110 = AXIS2_PLACEMENT_3D ( 'NONE', #46, #2122, #3396 ) ;
#3111 = EDGE_LOOP ( 'NONE', ( #606, #2818, #1697, #1926 ) ) ;
#3112 = AXIS2_PLACEMENT_3D ( 'NONE', #1592, #1630, #2369 ) ;
#3113 = STYLED_ITEM ( 'NONE', ( #257 ), #127 ) ;
#3114 = PRESENTATION_STYLE_ASSIGNMENT (( #517 ) ) ;
#3115 = ORIENTED_EDGE ( 'NONE', *, *, #3099, .F. ) ;
#3116 = FACE_OUTER_BOUND ( 'NONE', #2989, .T. ) ;
#3117 =( GEOMETRIC_REPRESENTATION_CONTEXT ( 3 ) GLOBAL_UNCERTAINTY_ASSIGNED_CONTEXT ( ( #1111 ) ) GLOBAL_UNIT_ASSIGNED_CONTEXT ( ( #1398, #302, #2724 ) ) REPRESENTATION_CONTEXT ( 'NONE', 'WORKASPACE' ) );
#3118 = STYLED_ITEM ( 'NONE', ( #3271 ), #1787 ) ;
#3119 = MECHANICAL_DESIGN_GEOMETRIC_PRESENTATION_REPRESENTATION (  '', ( #964 ), #2072 ) ;
#3120 = ORIENTED_EDGE ( 'NONE', *, *, #1191, .T. ) ;
#3121 = LINE ( 'NONE', #1029, #3173 ) ;
#3122 = PRESENTATION_LAYER_ASSIGNMENT (  '', '', ( #422 ) ) ;
#3123 = ADVANCED_FACE ( 'NONE', ( #2991 ), #1112, .F. ) ;
#3124 = STYLED_ITEM ( 'NONE', ( #1354 ), #3001 ) ;
#3125 = CARTESIAN_POINT ( 'NONE',  ( 1.000000000000000000, -0.7500000000000002220, 0.000000000000000000 ) ) ;
#3126 = FILL_AREA_STYLE_COLOUR ( '', #2846 ) ;
#3127 = DIRECTION ( 'NONE',  ( 1.000000000000000000, 0.000000000000000000, 0.000000000000000000 ) ) ;
#3128 = COLOUR_RGB ( '',0.2862745098039215508, 0.2862745098039215508, 0.2862745098039215508 ) ;
#3129 = VECTOR ( 'NONE', #884, 1000.000000000000000 ) ;
#3130 = VECTOR ( 'NONE', #1623, 1000.000000000000000 ) ;
#3131 = PRESENTATION_STYLE_ASSIGNMENT (( #2084 ) ) ;
#3132 = VERTEX_POINT ( 'NONE', #2655 ) ;
#3133 =( GEOMETRIC_REPRESENTATION_CONTEXT ( 3 ) GLOBAL_UNCERTAINTY_ASSIGNED_CONTEXT ( ( #1646 ) ) GLOBAL_UNIT_ASSIGNED_CONTEXT ( ( #504, #1315, #3397 ) ) REPRESENTATION_CONTEXT ( 'NONE', 'WORKASPACE' ) );
#3134 =( NAMED_UNIT ( * ) PLANE_ANGLE_UNIT ( ) SI_UNIT ( $, .RADIAN. ) );
#3135 = SURFACE_STYLE_FILL_AREA ( #1569 ) ;
#3136 = SURFACE_SIDE_STYLE ('',( #2790 ) ) ;
#3137 = CARTESIAN_POINT ( 'NONE',  ( -0.3999999999999998557, -0.5000000000000000000, -0.02500000000000000139 ) ) ;
#3138 = PRESENTATION_STYLE_ASSIGNMENT (( #1521 ) ) ;
#3139 = UNCERTAINTY_MEASURE_WITH_UNIT (LENGTH_MEASURE( 1.000000000000000082E-05 ), #969, 'distance_accuracy_value', 'NONE');
#3140 = CIRCLE ( 'NONE', #1675, 0.02999999999999997113 ) ;
#3141 = ORIENTED_EDGE ( 'NONE', *, *, #501, .T. ) ;
#3142 = LINE ( 'NONE', #1525, #1256 ) ;
#3143 = DIRECTION ( 'NONE',  ( 0.000000000000000000, 3.614007241618351532E-15, 1.000000000000000000 ) ) ;
#3144 = DIRECTION ( 'NONE',  ( 1.000000000000000000, -0.000000000000000000, -0.000000000000000000 ) ) ;
#3145 = CARTESIAN_POINT ( 'NONE',  ( 1.000000000000000000, -0.7500000000000002220, 0.4749999999999999778 ) ) ;
#3146 = EDGE_CURVE ( 'NONE', #168, #32, #590, .T. ) ;
#3147 = DIRECTION ( 'NONE',  ( 1.000000000000000000, -0.000000000000000000, 0.000000000000000000 ) ) ;
#3148 = CARTESIAN_POINT ( 'NONE',  ( 1.000000000000000000, 0.3749999999999998890, 0.07600000000000001199 ) ) ;
#3149 = ADVANCED_FACE ( 'NONE', ( #281 ), #328, .F. ) ;
#3150 = ORIENTED_EDGE ( 'NONE', *, *, #1546, .F. ) ;
#3151 = UNCERTAINTY_MEASURE_WITH_UNIT (LENGTH_MEASURE( 1.000000000000000082E-05 ), #2850, 'distance_accuracy_value', 'NONE');
#3152 = SURFACE_SIDE_STYLE ('',( #2052 ) ) ;
#3153 = DIRECTION ( 'NONE',  ( 0.000000000000000000, -1.000000000000000000, 0.000000000000000000 ) ) ;
#3154 = ORIENTED_EDGE ( 'NONE', *, *, #2605, .T. ) ;
#3155 = LINE ( 'NONE', #787, #639 ) ;
#3156 = CARTESIAN_POINT ( 'NONE',  ( -1.000000000000000000, 0.3750000000000001110, 0.000000000000000000 ) ) ;
#3157 = EDGE_LOOP ( 'NONE', ( #722, #3256, #1156, #1058 ) ) ;
#3158 = DIRECTION ( 'NONE',  ( -0.000000000000000000, -1.000000000000000000, 3.614007241618345221E-15 ) ) ;
#3159 = DIRECTION ( 'NONE',  ( -0.000000000000000000, -1.000000000000000000, -0.000000000000000000 ) ) ;
#3160 = SURFACE_STYLE_USAGE ( .BOTH. , #2273 ) ;
#3161 = FACE_OUTER_BOUND ( 'NONE', #2375, .T. ) ;
#3162 = CARTESIAN_POINT ( 'NONE',  ( 1.000000000000000000, -0.3749999999999997780, 0.07600000000000001199 ) ) ;
#3163 = EDGE_LOOP ( 'NONE', ( #989, #2938, #2044, #10 ) ) ;
#3164 = EDGE_CURVE ( 'NONE', #493, #2051, #1169, .T. ) ;
#3165 =( NAMED_UNIT ( * ) SI_UNIT ( $, .STERADIAN. ) SOLID_ANGLE_UNIT ( ) );
#3166 = CIRCLE ( 'NONE', #509, 0.02999999999999997113 ) ;
#3167 = CARTESIAN_POINT ( 'NONE',  ( 0.4000000000000001887, 0.5000000000000000000, 0.01000000000000000021 ) ) ;
#3168 = DIRECTION ( 'NONE',  ( 1.000000000000000000, 1.548860246407863336E-16, 0.000000000000000000 ) ) ;
#3169 = PRESENTATION_LAYER_ASSIGNMENT (  '', '', ( #1193 ) ) ;
#3170 = PLANE ( 'NONE',  #1491 ) ;
#3171 = ORIENTED_EDGE ( 'NONE', *, *, #2788, .T. ) ;
#3172 = STYLED_ITEM ( 'NONE', ( #3186 ), #1119 ) ;
#3173 = VECTOR ( 'NONE', #735, 1000.000000000000000 ) ;
#3174 = PRESENTATION_LAYER_ASSIGNMENT (  '', '', ( #1758 ) ) ;
#3175 = CARTESIAN_POINT ( 'NONE',  ( -0.9700000000000000844, 0.7499999999999997780, 0.4449999999999999512 ) ) ;
#3176 = ORIENTED_EDGE ( 'NONE', *, *, #1276, .T. ) ;
#3177 = CARTESIAN_POINT ( 'NONE',  ( -0.3999999999999998557, -0.5000000000000000000, -0.02500000000000000139 ) ) ;
#3178 = CARTESIAN_POINT ( 'NONE',  ( 1.000000000000000000, -0.1250000000000001388, 0.000000000000000000 ) ) ;
#3179 = COLOUR_RGB ( '',0.2862745098039215508, 0.2862745098039215508, 0.2862745098039215508 ) ;
#3180 = UNCERTAINTY_MEASURE_WITH_UNIT (LENGTH_MEASURE( 1.000000000000000082E-05 ), #2653, 'distance_accuracy_value', 'NONE');
#3181 = PRESENTATION_STYLE_ASSIGNMENT (( #2643 ) ) ;
#3182 =( GEOMETRIC_REPRESENTATION_CONTEXT ( 3 ) GLOBAL_UNCERTAINTY_ASSIGNED_CONTEXT ( ( #1895 ) ) GLOBAL_UNIT_ASSIGNED_CONTEXT ( ( #687, #986, #3093 ) ) REPRESENTATION_CONTEXT ( 'NONE', 'WORKASPACE' ) );
#3183 =( LENGTH_UNIT ( ) NAMED_UNIT ( * ) SI_UNIT ( .MILLI., .METRE. ) );
#3184 = ORIENTED_EDGE ( 'NONE', *, *, #2721, .F. ) ;
#3185 = PRESENTATION_LAYER_ASSIGNMENT (  '', '', ( #250 ) ) ;
#3186 = PRESENTATION_STYLE_ASSIGNMENT (( #607 ) ) ;
#3187 = MECHANICAL_DESIGN_GEOMETRIC_PRESENTATION_REPRESENTATION (  '', ( #2356 ), #2965 ) ;
#3188 = CARTESIAN_POINT ( 'NONE',  ( -1.000000000000000000, -0.7200000000000003064, 0.4449999999999999512 ) ) ;
#3189 = DIRECTION ( 'NONE',  ( -0.000000000000000000, -0.000000000000000000, 1.000000000000000000 ) ) ;
#3190 = EDGE_CURVE ( 'NONE', #1289, #470, #154, .T. ) ;
#3191 = FACE_OUTER_BOUND ( 'NONE', #2723, .T. ) ;
#3192 = EDGE_LOOP ( 'NONE', ( #2634, #2516, #2590, #261 ) ) ;
#3193 = VECTOR ( 'NONE', #2997, 1000.000000000000000 ) ;
#3194 =( NAMED_UNIT ( * ) PLANE_ANGLE_UNIT ( ) SI_UNIT ( $, .RADIAN. ) );
#3195 = ADVANCED_FACE ( 'NONE', ( #916 ), #2271, .F. ) ;
#3196 = SHAPE_DEFINITION_REPRESENTATION ( #3107, #1940 ) ;
#3197 = CARTESIAN_POINT ( 'NONE',  ( -1.000000000000000000, -0.3749999999999998335, 0.07600000000000001199 ) ) ;
#3198 = EDGE_LOOP ( 'NONE', ( #1631, #1955, #394 ) ) ;
#3199 = FILL_AREA_STYLE_COLOUR ( '', #468 ) ;
#3200 = FILL_AREA_STYLE ('',( #867 ) ) ;
#3201 = DIRECTION ( 'NONE',  ( 1.000000000000000000, 0.000000000000000000, -0.000000000000000000 ) ) ;
#3202 = ORIENTED_EDGE ( 'NONE', *, *, #382, .F. ) ;
#3203 =( NAMED_UNIT ( * ) SI_UNIT ( $, .STERADIAN. ) SOLID_ANGLE_UNIT ( ) );
#3204 = FACE_OUTER_BOUND ( 'NONE', #210, .T. ) ;
#3205 =( NAMED_UNIT ( * ) PLANE_ANGLE_UNIT ( ) SI_UNIT ( $, .RADIAN. ) );
#3206 = DIRECTION ( 'NONE',  ( -1.000000000000000000, 0.000000000000000000, -0.000000000000000000 ) ) ;
#3207 = DIRECTION ( 'NONE',  ( -0.000000000000000000, 0.000000000000000000, 1.000000000000000000 ) ) ;
#3208 = FILL_AREA_STYLE_COLOUR ( '', #3179 ) ;
#3209 = EDGE_CURVE ( 'NONE', #2480, #2883, #121, .T. ) ;
#3210 = ORIENTED_EDGE ( 'NONE', *, *, #1692, .F. ) ;
#3211 = LINE ( 'NONE', #3156, #1016 ) ;
#3212 = EDGE_CURVE ( 'NONE', #32, #168, #2518, .T. ) ;
#3213 = ORIENTED_EDGE ( 'NONE', *, *, #1223, .F. ) ;
#3214 =( NAMED_UNIT ( * ) PLANE_ANGLE_UNIT ( ) SI_UNIT ( $, .RADIAN. ) );
#3215 = UNCERTAINTY_MEASURE_WITH_UNIT (LENGTH_MEASURE( 1.000000000000000082E-05 ), #342, 'distance_accuracy_value', 'NONE');
#3216 = FACE_OUTER_BOUND ( 'NONE', #490, .T. ) ;
#3217 = EDGE_LOOP ( 'NONE', ( #3154, #3011, #1482, #1027 ) ) ;
#3218 = DIRECTION ( 'NONE',  ( 1.000000000000000000, 0.000000000000000000, 0.000000000000000000 ) ) ;
#3219 =( NAMED_UNIT ( * ) SI_UNIT ( $, .STERADIAN. ) SOLID_ANGLE_UNIT ( ) );
#3220 = PRODUCT_DEFINITION_CONTEXT ( 'detailed design', #2490, 'design' ) ;
#3221 = VERTEX_POINT ( 'NONE', #1762 ) ;
#3222 = STYLED_ITEM ( 'NONE', ( #2358 ), #825 ) ;
#3223 = CIRCLE ( 'NONE', #1752, 0.05500000000000003497 ) ;
#3224 = DIRECTION ( 'NONE',  ( 0.000000000000000000, 0.000000000000000000, 1.000000000000000000 ) ) ;
#3225 = SURFACE_STYLE_FILL_AREA ( #2479 ) ;
#3226 = EDGE_LOOP ( 'NONE', ( #1285, #2814, #2214, #27 ) ) ;
#3227 = DIRECTION ( 'NONE',  ( 1.000000000000000000, 0.000000000000000000, 0.000000000000000000 ) ) ;
#3228 = CARTESIAN_POINT ( 'NONE',  ( -0.1499999999999998557, 0.5000000000000000000, -0.02500000000000000139 ) ) ;
#3229 = ADVANCED_FACE ( 'NONE', ( #133 ), #3294, .F. ) ;
#3230 = VECTOR ( 'NONE', #2693, 1000.000000000000000 ) ;
#3231 = MECHANICAL_DESIGN_GEOMETRIC_PRESENTATION_REPRESENTATION (  '', ( #580 ), #1260 ) ;
#3232 =( NAMED_UNIT ( * ) SI_UNIT ( $, .STERADIAN. ) SOLID_ANGLE_UNIT ( ) );
#3233 =( GEOMETRIC_REPRESENTATION_CONTEXT ( 3 ) GLOBAL_UNCERTAINTY_ASSIGNED_CONTEXT ( ( #488 ) ) GLOBAL_UNIT_ASSIGNED_CONTEXT ( ( #1585, #2719, #1678 ) ) REPRESENTATION_CONTEXT ( 'NONE', 'WORKASPACE' ) );
#3234 =( NAMED_UNIT ( * ) SI_UNIT ( $, .STERADIAN. ) SOLID_ANGLE_UNIT ( ) );
#3235 = ORIENTED_EDGE ( 'NONE', *, *, #167, .T. ) ;
#3236 = MECHANICAL_DESIGN_GEOMETRIC_PRESENTATION_REPRESENTATION (  '', ( #3383 ), #694 ) ;
#3237 = DIRECTION ( 'NONE',  ( 0.000000000000000000, 1.000000000000000000, 0.000000000000000000 ) ) ;
#3238 = PRESENTATION_LAYER_ASSIGNMENT (  '', '', ( #367 ) ) ;
#3239 = SURFACE_SIDE_STYLE ('',( #1138 ) ) ;
#3240 =( GEOMETRIC_REPRESENTATION_CONTEXT ( 3 ) GLOBAL_UNCERTAINTY_ASSIGNED_CONTEXT ( ( #554 ) ) GLOBAL_UNIT_ASSIGNED_CONTEXT ( ( #1625, #73, #2675 ) ) REPRESENTATION_CONTEXT ( 'NONE', 'WORKASPACE' ) );
#3241 = MECHANICAL_DESIGN_GEOMETRIC_PRESENTATION_REPRESENTATION (  '', ( #2040 ), #927 ) ;
#3242 = EDGE_LOOP ( 'NONE', ( #2563, #366, #1009, #2174 ) ) ;
#3243 = PRESENTATION_LAYER_ASSIGNMENT (  '', '', ( #2799 ) ) ;
#3244 = CIRCLE ( 'NONE', #2751, 0.05500000000000003497 ) ;
#3245 = ORIENTED_EDGE ( 'NONE', *, *, #1523, .T. ) ;
#3246 = LINE ( 'NONE', #3228, #3373 ) ;
#3247 = CARTESIAN_POINT ( 'NONE',  ( -0.8600000000000000977, 0.6099999999999998757, 0.4649999999999999689 ) ) ;
#3248 = SURFACE_STYLE_FILL_AREA ( #37 ) ;
#3249 = ADVANCED_FACE ( 'NONE', ( #1141 ), #3270, .F. ) ;
#3250 = FILL_AREA_STYLE ('',( #1416 ) ) ;
#3251 = ORIENTED_EDGE ( 'NONE', *, *, #283, .F. ) ;
#3252 = DIRECTION ( 'NONE',  ( -0.000000000000000000, 0.000000000000000000, -1.000000000000000000 ) ) ;
#3253 = DIRECTION ( 'NONE',  ( -1.000000000000000000, -4.646580739223590009E-16, 0.000000000000000000 ) ) ;
#3254 = ADVANCED_FACE ( 'NONE', ( #1448 ), #1966, .F. ) ;
#3255 =( NAMED_UNIT ( * ) PLANE_ANGLE_UNIT ( ) SI_UNIT ( $, .RADIAN. ) );
#3256 = ORIENTED_EDGE ( 'NONE', *, *, #1175, .F. ) ;
#3257 = ORIENTED_EDGE ( 'NONE', *, *, #2212, .T. ) ;
#3258 =( LENGTH_UNIT ( ) NAMED_UNIT ( * ) SI_UNIT ( .MILLI., .METRE. ) );
#3259 = VERTEX_POINT ( 'NONE', #1892 ) ;
#3260 = FILL_AREA_STYLE_COLOUR ( '', #2945 ) ;
#3261 =( LENGTH_UNIT ( ) NAMED_UNIT ( * ) SI_UNIT ( .MILLI., .METRE. ) );
#3262 = UNCERTAINTY_MEASURE_WITH_UNIT (LENGTH_MEASURE( 1.000000000000000082E-05 ), #1465, 'distance_accuracy_value', 'NONE');
#3263 = DIRECTION ( 'NONE',  ( 1.000000000000000000, 0.000000000000000000, -0.000000000000000000 ) ) ;
#3264 = ORIENTED_EDGE ( 'NONE', *, *, #1946, .T. ) ;
#3265 = DIRECTION ( 'NONE',  ( 0.000000000000000000, 0.000000000000000000, 1.000000000000000000 ) ) ;
#3266 =( NAMED_UNIT ( * ) SI_UNIT ( $, .STERADIAN. ) SOLID_ANGLE_UNIT ( ) );
#3267 = FILL_AREA_STYLE ('',( #1176 ) ) ;
#3268 = SURFACE_STYLE_FILL_AREA ( #1839 ) ;
#3269 = EDGE_CURVE ( 'NONE', #1820, #2056, #2919, .T. ) ;
#3270 = PLANE ( 'NONE',  #2632 ) ;
#3271 = PRESENTATION_STYLE_ASSIGNMENT (( #2984 ) ) ;
#3272 = ORIENTED_EDGE ( 'NONE', *, *, #1071, .T. ) ;
#3273 = ORIENTED_EDGE ( 'NONE', *, *, #2843, .T. ) ;
#3274 = CLOSED_SHELL ( 'NONE', ( #2121, #2320, #1010, #150, #335, #1237 ) ) ;
#3275 = AXIS2_PLACEMENT_3D ( 'NONE', #2584, #1575, #2855 ) ;
#3276 = PLANE ( 'NONE',  #2205 ) ;
#3277 = MECHANICAL_DESIGN_GEOMETRIC_PRESENTATION_REPRESENTATION (  '', ( #28 ), #1259 ) ;
#3278 = AXIS2_PLACEMENT_3D ( 'NONE', #1956, #2131, #2206 ) ;
#3279 = ORIENTED_EDGE ( 'NONE', *, *, #2043, .F. ) ;
#3280 =( GEOMETRIC_REPRESENTATION_CONTEXT ( 3 ) GLOBAL_UNCERTAINTY_ASSIGNED_CONTEXT ( ( #1128 ) ) GLOBAL_UNIT_ASSIGNED_CONTEXT ( ( #826, #3194, #54 ) ) REPRESENTATION_CONTEXT ( 'NONE', 'WORKASPACE' ) );
#3281 = PLANE ( 'NONE',  #2571 ) ;
#3282 = CARTESIAN_POINT ( 'NONE',  ( -1.000000000000000000, 0.7199999999999997513, 0.000000000000000000 ) ) ;
#3283 = LINE ( 'NONE', #2718, #1700 ) ;
#3284 = MECHANICAL_DESIGN_GEOMETRIC_PRESENTATION_REPRESENTATION (  '', ( #3124 ), #3073 ) ;
#3285 = COLOUR_RGB ( '',0.2862745098039215508, 0.2862745098039215508, 0.2862745098039215508 ) ;
#3286 = VERTEX_POINT ( 'NONE', #1635 ) ;
#3287 = EDGE_CURVE ( 'NONE', #2151, #2993, #2665, .T. ) ;
#3288 = VECTOR ( 'NONE', #2539, 1000.000000000000000 ) ;
#3289 =( GEOMETRIC_REPRESENTATION_CONTEXT ( 3 ) GLOBAL_UNCERTAINTY_ASSIGNED_CONTEXT ( ( #1967 ) ) GLOBAL_UNIT_ASSIGNED_CONTEXT ( ( #1063, #1337, #2132 ) ) REPRESENTATION_CONTEXT ( 'NONE', 'WORKASPACE' ) );
#3290 =( NAMED_UNIT ( * ) SI_UNIT ( $, .STERADIAN. ) SOLID_ANGLE_UNIT ( ) );
#3291 = ORIENTED_EDGE ( 'NONE', *, *, #842, .T. ) ;
#3292 = ADVANCED_FACE ( 'NONE', ( #2531 ), #425, .T. ) ;
#3293 = AXIS2_PLACEMENT_3D ( 'NONE', #1154, #887, #1958 ) ;
#3294 = PLANE ( 'NONE',  #3023 ) ;
#3295 = VECTOR ( 'NONE', #1663, 1000.000000000000000 ) ;
#3296 = DIRECTION ( 'NONE',  ( -0.000000000000000000, 1.000000000000000000, -0.000000000000000000 ) ) ;
#3297 = VECTOR ( 'NONE', #440, 1000.000000000000114 ) ;
#3298 = LINE ( 'NONE', #3125, #3007 ) ;
#3299 = FILL_AREA_STYLE ('',( #2263 ) ) ;
#3300 = DIRECTION ( 'NONE',  ( 0.000000000000000000, -1.000000000000000000, 0.000000000000000000 ) ) ;
#3301 = CARTESIAN_POINT ( 'NONE',  ( 0.6500000000000000222, -0.3749999999999999445, 0.07600000000000001199 ) ) ;
#3302 = PRESENTATION_STYLE_ASSIGNMENT (( #191 ) ) ;
#3303 = VERTEX_POINT ( 'NONE', #3301 ) ;
#3304 =( NAMED_UNIT ( * ) PLANE_ANGLE_UNIT ( ) SI_UNIT ( $, .RADIAN. ) );
#3305 = EDGE_CURVE ( 'NONE', #2157, #428, #455, .T. ) ;
#3306 = LINE ( 'NONE', #213, #298 ) ;
#3307 = VERTEX_POINT ( 'NONE', #943 ) ;
#3308 = DIRECTION ( 'NONE',  ( 1.000000000000000000, 0.000000000000000000, 0.000000000000000000 ) ) ;
#3309 = SURFACE_SIDE_STYLE ('',( #2224 ) ) ;
#3310 = EDGE_CURVE ( 'NONE', #3056, #2185, #3067, .T. ) ;
#3311 = FILL_AREA_STYLE_COLOUR ( '', #1434 ) ;
#3312 = DIRECTION ( 'NONE',  ( 1.000000000000000000, 0.000000000000000000, 0.000000000000000000 ) ) ;
#3313 =( NAMED_UNIT ( * ) PLANE_ANGLE_UNIT ( ) SI_UNIT ( $, .RADIAN. ) );
#3314 = FILL_AREA_STYLE ('',( #2491 ) ) ;
#3315 = SURFACE_STYLE_USAGE ( .BOTH. , #3052 ) ;
#3316 = ORIENTED_EDGE ( 'NONE', *, *, #1983, .T. ) ;
#3317 = DIRECTION ( 'NONE',  ( -0.000000000000000000, -0.000000000000000000, 1.000000000000000000 ) ) ;
#3318 = FACE_OUTER_BOUND ( 'NONE', #734, .T. ) ;
#3319 =( NAMED_UNIT ( * ) PLANE_ANGLE_UNIT ( ) SI_UNIT ( $, .RADIAN. ) );
#3320 = ORIENTED_EDGE ( 'NONE', *, *, #1620, .T. ) ;
#3321 = CLOSED_SHELL ( 'NONE', ( #2744, #3025, #2473, #243, #446, #1053 ) ) ;
#3322 = DIRECTION ( 'NONE',  ( 1.548860246407863336E-16, -1.000000000000000000, 0.000000000000000000 ) ) ;
#3323 = FILL_AREA_STYLE ('',( #384 ) ) ;
#3324 = EDGE_CURVE ( 'NONE', #971, #858, #2308, .T. ) ;
#3325 =( GEOMETRIC_REPRESENTATION_CONTEXT ( 3 ) GLOBAL_UNCERTAINTY_ASSIGNED_CONTEXT ( ( #34 ) ) GLOBAL_UNIT_ASSIGNED_CONTEXT ( ( #1947, #1997, #1404 ) ) REPRESENTATION_CONTEXT ( 'NONE', 'WORKASPACE' ) );
#3326 = VECTOR ( 'NONE', #2715, 1000.000000000000000 ) ;
#3327 = STYLED_ITEM ( 'NONE', ( #2255 ), #446 ) ;
#3328 = DIRECTION ( 'NONE',  ( -1.000000000000000000, -4.646580739223590009E-16, 0.000000000000000000 ) ) ;
#3329 = EDGE_LOOP ( 'NONE', ( #3363, #1867, #2403, #2219, #242, #2873, #1943, #930, #1797, #82, #773, #2548, #1559, #3141, #1673, #851, #2776, #1001, #2652, #1917, #1104, #915, #3020, #2412 ) ) ;
#3330 =( NAMED_UNIT ( * ) PLANE_ANGLE_UNIT ( ) SI_UNIT ( $, .RADIAN. ) );
#3331 = CARTESIAN_POINT ( 'NONE',  ( -0.8600000000000000977, 0.6099999999999998757, 0.4649999999999999689 ) ) ;
#3332 = EDGE_LOOP ( 'NONE', ( #2752, #2315, #3202, #2736 ) ) ;
#3333 = PRESENTATION_STYLE_ASSIGNMENT (( #1555 ) ) ;
#3334 = COLOUR_RGB ( '',0.2862745098039215508, 0.2862745098039215508, 0.2862745098039215508 ) ;
#3335 = CARTESIAN_POINT ( 'NONE',  ( -0.6500000000000000222, 0.3750000000000001665, 0.07600000000000001199 ) ) ;
#3336 = VECTOR ( 'NONE', #3237, 1000.000000000000000 ) ;
#3337 = LINE ( 'NONE', #476, #638 ) ;
#3338 = ORIENTED_EDGE ( 'NONE', *, *, #1989, .F. ) ;
#3339 = MECHANICAL_DESIGN_GEOMETRIC_PRESENTATION_REPRESENTATION (  '', ( #1765 ), #2622 ) ;
#3340 = CARTESIAN_POINT ( 'NONE',  ( -0.8600000000000000977, 0.6099999999999998757, 0.4749999999999999778 ) ) ;
#3341 = MECHANICAL_DESIGN_GEOMETRIC_PRESENTATION_REPRESENTATION (  '', ( #367 ), #870 ) ;
#3342 = COLOUR_RGB ( '',0.9607843137254902244, 0.9607843137254902244, 0.9607843137254902244 ) ;
#3343 = CIRCLE ( 'NONE', #1270, 0.02999999999999997113 ) ;
#3344 =( LENGTH_UNIT ( ) NAMED_UNIT ( * ) SI_UNIT ( .MILLI., .METRE. ) );
#3345 =( LENGTH_UNIT ( ) NAMED_UNIT ( * ) SI_UNIT ( .MILLI., .METRE. ) );
#3346 = PRODUCT_RELATED_PRODUCT_CATEGORY ( 'part', '', ( #208 ) ) ;
#3347 = AXIS2_PLACEMENT_3D ( 'NONE', #142, #2528, #3037 ) ;
#3348 = ORIENTED_EDGE ( 'NONE', *, *, #1579, .T. ) ;
#3349 = EDGE_CURVE ( 'NONE', #1530, #1614, #1784, .T. ) ;
#3350 = DIRECTION ( 'NONE',  ( 0.000000000000000000, 0.000000000000000000, -1.000000000000000000 ) ) ;
#3351 = SURFACE_STYLE_FILL_AREA ( #445 ) ;
#3352 = CARTESIAN_POINT ( 'NONE',  ( 0.4000000000000001887, -0.5000000000000000000, -0.02500000000000000139 ) ) ;
#3353 = ORIENTED_EDGE ( 'NONE', *, *, #696, .T. ) ;
#3354 = CARTESIAN_POINT ( 'NONE',  ( -0.6500000000000000222, 0.1250000000000000555, -0.02500000000000000139 ) ) ;
#3355 = PRESENTATION_STYLE_ASSIGNMENT (( #1274 ) ) ;
#3356 = DIRECTION ( 'NONE',  ( -0.000000000000000000, -0.000000000000000000, -1.000000000000000000 ) ) ;
#3357 = CARTESIAN_POINT ( 'NONE',  ( -0.3999999999999998557, -0.5000000000000000000, 0.01000000000000000021 ) ) ;
#3358 = VERTEX_POINT ( 'NONE', #162 ) ;
#3359 = PLANE ( 'NONE',  #1433 ) ;
#3360 = ORIENTED_EDGE ( 'NONE', *, *, #2074, .F. ) ;
#3361 = DIRECTION ( 'NONE',  ( -1.000000000000000000, 0.000000000000000000, 0.000000000000000000 ) ) ;
#3362 = ADVANCED_FACE ( 'NONE', ( #1980 ), #2544, .T. ) ;
#3363 = ORIENTED_EDGE ( 'NONE', *, *, #736, .F. ) ;
#3364 = CARTESIAN_POINT ( 'NONE',  ( -0.9700000000000000844, -0.7200000000000003064, 0.000000000000000000 ) ) ;
#3365 = SURFACE_STYLE_FILL_AREA ( #2328 ) ;
#3366 = CARTESIAN_POINT ( 'NONE',  ( 0.6500000000000000222, 0.3750000000000000000, 0.000000000000000000 ) ) ;
#3367 = CYLINDRICAL_SURFACE ( 'NONE', #815, 0.05500000000000003497 ) ;
#3368 = UNCERTAINTY_MEASURE_WITH_UNIT (LENGTH_MEASURE( 1.000000000000000082E-05 ), #2253, 'distance_accuracy_value', 'NONE');
#3369 = COLOUR_RGB ( '',0.8039215686274510109, 0.8039215686274510109, 0.8039215686274510109 ) ;
#3370 = DIRECTION ( 'NONE',  ( -1.000000000000000000, 3.097720492815726673E-16, -0.000000000000000000 ) ) ;
#3371 = ORIENTED_EDGE ( 'NONE', *, *, #2336, .T. ) ;
#3372 =( LENGTH_UNIT ( ) NAMED_UNIT ( * ) SI_UNIT ( .MILLI., .METRE. ) );
#3373 = VECTOR ( 'NONE', #1126, 1000.000000000000000 ) ;
#3374 = DIRECTION ( 'NONE',  ( 0.000000000000000000, 0.000000000000000000, -1.000000000000000000 ) ) ;
#3375 = VERTEX_POINT ( 'NONE', #1107 ) ;
#3376 = LINE ( 'NONE', #494, #1443 ) ;
#3377 = PLANE ( 'NONE',  #2022 ) ;
#3378 = VECTOR ( 'NONE', #1374, 1000.000000000000000 ) ;
#3379 = CIRCLE ( 'NONE', #1759, 0.02999999999999997113 ) ;
#3380 = EDGE_CURVE ( 'NONE', #2765, #2861, #579, .T. ) ;
#3381 = ORIENTED_EDGE ( 'NONE', *, *, #612, .T. ) ;
#3382 = DIRECTION ( 'NONE',  ( -0.000000000000000000, 1.000000000000000000, -0.000000000000000000 ) ) ;
#3383 = STYLED_ITEM ( 'NONE', ( #5 ), #1894 ) ;
#3384 = PRESENTATION_LAYER_ASSIGNMENT (  '', '', ( #1493 ) ) ;
#3385 = DIRECTION ( 'NONE',  ( 0.000000000000000000, 0.000000000000000000, -1.000000000000000000 ) ) ;
#3386 = EDGE_CURVE ( 'NONE', #829, #1312, #1638, .T. ) ;
#3387 = FACE_OUTER_BOUND ( 'NONE', #2310, .T. ) ;
#3388 = PRESENTATION_LAYER_ASSIGNMENT (  '', '', ( #2625 ) ) ;
#3389 = LINE ( 'NONE', #2840, #1805 ) ;
#3390 = SURFACE_SIDE_STYLE ('',( #14 ) ) ;
#3391 = PRESENTATION_LAYER_ASSIGNMENT (  '', '', ( #2356 ) ) ;
#3392 = SURFACE_STYLE_FILL_AREA ( #1340 ) ;
#3393 = PRESENTATION_LAYER_ASSIGNMENT (  '', '', ( #1669 ) ) ;
#3394 = ORIENTED_EDGE ( 'NONE', *, *, #2929, .F. ) ;
#3395 = PRESENTATION_LAYER_ASSIGNMENT (  '', '', ( #1163 ) ) ;
#3396 = DIRECTION ( 'NONE',  ( -1.000000000000000000, 0.000000000000000000, -0.000000000000000000 ) ) ;
#3397 =( NAMED_UNIT ( * ) SI_UNIT ( $, .STERADIAN. ) SOLID_ANGLE_UNIT ( ) );
#3398 = UNCERTAINTY_MEASURE_WITH_UNIT (LENGTH_MEASURE( 1.000000000000000082E-05 ), #2621, 'distance_accuracy_value', 'NONE');
#3399 = COLOUR_RGB ( '',0.8039215686274510109, 0.8039215686274510109, 0.8039215686274510109 ) ;
#3400 = FILL_AREA_STYLE ('',( #1618 ) ) ;
#3401 = EDGE_LOOP ( 'NONE', ( #1610, #2555, #1179, #3120 ) ) ;
#3402 = CARTESIAN_POINT ( 'NONE',  ( 0.6500000000000000222, -0.3749999999999999445, 0.07600000014917895896 ) ) ;
#3403 = DIRECTION ( 'NONE',  ( -0.000000000000000000, 0.000000000000000000, 1.000000000000000000 ) ) ;
#3404 = DIRECTION ( 'NONE',  ( -3.872150616019658834E-16, -1.000000000000000000, 0.000000000000000000 ) ) ;
#3405 = DIRECTION ( 'NONE',  ( 0.000000000000000000, -1.000000000000000000, 0.000000000000000000 ) ) ;
ENDSEC;
END-ISO-10303-21;
